nombre,sku,categoriaId,impuestoId,costo,precioVenta,unidadMedida,stockInicial,stockMinimo,sucursalId
Producto JMeter 0001,JMT-PROD-0001,3,2,26.17,35.07,Unidad,13,0,2
Producto JMeter 0002,JMT-PROD-0002,3,2,27.34,37.73,Kilogramo,16,1,2
Producto JMeter 0003,JMT-PROD-0003,3,2,28.51,40.48,Gramo,19,2,2
Producto JMeter 0004,JMT-PROD-0004,3,2,29.68,43.33,Litro,22,3,2
Producto JMeter 0005,JMT-PROD-0005,3,2,30.85,40.11,Metro,25,4,2
Producto JMeter 0006,JMT-PROD-0006,3,2,32.02,42.91,Caja,28,5,2
Producto JMeter 0007,JMT-PROD-0007,3,2,33.19,45.80,Paquete,31,6,2
Producto JMeter 0008,JMT-PROD-0008,3,2,34.36,48.79,Docena,34,7,2
Producto JMeter 0009,JMT-PROD-0009,3,2,35.53,51.87,Unidad,37,8,2
Producto JMeter 0010,JMT-PROD-0010,3,2,36.70,47.71,Kilogramo,40,9,2
Producto JMeter 0011,JMT-PROD-0011,3,2,37.87,50.75,Gramo,43,10,2
Producto JMeter 0012,JMT-PROD-0012,3,2,39.04,53.88,Litro,46,11,2
Producto JMeter 0013,JMT-PROD-0013,3,2,40.21,57.10,Metro,49,12,2
Producto JMeter 0014,JMT-PROD-0014,3,2,41.38,60.41,Caja,52,13,2
Producto JMeter 0015,JMT-PROD-0015,3,2,42.55,55.32,Paquete,55,14,2
Producto JMeter 0016,JMT-PROD-0016,3,2,43.72,58.58,Docena,58,15,2
Producto JMeter 0017,JMT-PROD-0017,3,2,44.89,61.95,Unidad,61,16,2
Producto JMeter 0018,JMT-PROD-0018,3,2,46.06,65.41,Kilogramo,64,17,2
Producto JMeter 0019,JMT-PROD-0019,3,2,47.23,68.96,Gramo,67,18,2
Producto JMeter 0020,JMT-PROD-0020,3,2,48.40,62.92,Litro,70,19,2
Producto JMeter 0021,JMT-PROD-0021,3,2,49.57,66.42,Metro,73,0,2
Producto JMeter 0022,JMT-PROD-0022,3,2,50.74,70.02,Caja,76,1,2
Producto JMeter 0023,JMT-PROD-0023,3,2,51.91,73.71,Paquete,79,2,2
Producto JMeter 0024,JMT-PROD-0024,3,2,53.08,77.50,Docena,82,3,2
Producto JMeter 0025,JMT-PROD-0025,3,2,54.25,70.53,Unidad,85,4,2
Producto JMeter 0026,JMT-PROD-0026,3,2,55.42,74.26,Kilogramo,88,5,2
Producto JMeter 0027,JMT-PROD-0027,3,2,56.59,78.09,Gramo,91,6,2
Producto JMeter 0028,JMT-PROD-0028,3,2,57.76,82.02,Litro,94,7,2
Producto JMeter 0029,JMT-PROD-0029,3,2,58.93,86.04,Metro,97,8,2
Producto JMeter 0030,JMT-PROD-0030,3,2,60.10,78.13,Caja,100,9,2
Producto JMeter 0031,JMT-PROD-0031,3,2,61.27,82.10,Paquete,103,10,2
Producto JMeter 0032,JMT-PROD-0032,3,2,62.44,86.17,Docena,106,11,2
Producto JMeter 0033,JMT-PROD-0033,3,2,63.61,90.33,Unidad,109,12,2
Producto JMeter 0034,JMT-PROD-0034,3,2,64.78,94.58,Kilogramo,112,13,2
Producto JMeter 0035,JMT-PROD-0035,3,2,65.95,85.74,Gramo,115,14,2
Producto JMeter 0036,JMT-PROD-0036,3,2,67.12,89.94,Litro,118,15,2
Producto JMeter 0037,JMT-PROD-0037,3,2,68.29,94.24,Metro,121,16,2
Producto JMeter 0038,JMT-PROD-0038,3,2,69.46,98.63,Caja,124,17,2
Producto JMeter 0039,JMT-PROD-0039,3,2,70.63,103.12,Paquete,127,18,2
Producto JMeter 0040,JMT-PROD-0040,3,2,71.80,93.34,Docena,130,19,2
Producto JMeter 0041,JMT-PROD-0041,3,2,72.97,97.78,Unidad,133,0,2
Producto JMeter 0042,JMT-PROD-0042,3,2,74.14,102.31,Kilogramo,136,1,2
Producto JMeter 0043,JMT-PROD-0043,3,2,75.31,106.94,Gramo,139,2,2
Producto JMeter 0044,JMT-PROD-0044,3,2,76.48,111.66,Litro,142,3,2
Producto JMeter 0045,JMT-PROD-0045,3,2,77.65,100.94,Metro,145,4,2
Producto JMeter 0046,JMT-PROD-0046,3,2,78.82,105.62,Caja,148,5,2
Producto JMeter 0047,JMT-PROD-0047,3,2,79.99,110.39,Paquete,11,6,2
Producto JMeter 0048,JMT-PROD-0048,3,2,81.16,115.25,Docena,14,7,2
Producto JMeter 0049,JMT-PROD-0049,3,2,82.33,120.20,Unidad,17,8,2
Producto JMeter 0050,JMT-PROD-0050,3,2,83.50,108.55,Kilogramo,20,9,2
Producto JMeter 0051,JMT-PROD-0051,3,2,84.67,113.46,Gramo,23,10,2
Producto JMeter 0052,JMT-PROD-0052,3,2,85.84,118.46,Litro,26,11,2
Producto JMeter 0053,JMT-PROD-0053,3,2,87.01,123.55,Metro,29,12,2
Producto JMeter 0054,JMT-PROD-0054,3,2,88.18,128.74,Caja,32,13,2
Producto JMeter 0055,JMT-PROD-0055,3,2,89.35,116.16,Paquete,35,14,2
Producto JMeter 0056,JMT-PROD-0056,3,2,90.52,121.30,Docena,38,15,2
Producto JMeter 0057,JMT-PROD-0057,3,2,91.69,126.53,Unidad,41,16,2
Producto JMeter 0058,JMT-PROD-0058,3,2,92.86,131.86,Kilogramo,44,17,2
Producto JMeter 0059,JMT-PROD-0059,3,2,94.03,137.28,Gramo,47,18,2
Producto JMeter 0060,JMT-PROD-0060,3,2,95.20,123.76,Litro,50,19,2
Producto JMeter 0061,JMT-PROD-0061,3,2,96.37,129.14,Metro,53,0,2
Producto JMeter 0062,JMT-PROD-0062,3,2,97.54,134.61,Caja,56,1,2
Producto JMeter 0063,JMT-PROD-0063,3,2,98.71,140.17,Paquete,59,2,2
Producto JMeter 0064,JMT-PROD-0064,3,2,99.88,145.82,Docena,62,3,2
Producto JMeter 0065,JMT-PROD-0065,3,2,101.05,131.36,Unidad,65,4,2
Producto JMeter 0066,JMT-PROD-0066,3,2,102.22,136.97,Kilogramo,68,5,2
Producto JMeter 0067,JMT-PROD-0067,3,2,103.39,142.68,Gramo,71,6,2
Producto JMeter 0068,JMT-PROD-0068,3,2,104.56,148.48,Litro,74,7,2
Producto JMeter 0069,JMT-PROD-0069,3,2,105.73,154.37,Metro,77,8,2
Producto JMeter 0070,JMT-PROD-0070,3,2,106.90,138.97,Caja,80,9,2
Producto JMeter 0071,JMT-PROD-0071,3,2,108.07,144.81,Paquete,83,10,2
Producto JMeter 0072,JMT-PROD-0072,3,2,109.24,150.75,Docena,86,11,2
Producto JMeter 0073,JMT-PROD-0073,3,2,110.41,156.78,Unidad,89,12,2
Producto JMeter 0074,JMT-PROD-0074,3,2,111.58,162.91,Kilogramo,92,13,2
Producto JMeter 0075,JMT-PROD-0075,3,2,112.75,146.58,Gramo,95,14,2
Producto JMeter 0076,JMT-PROD-0076,3,2,113.92,152.65,Litro,98,15,2
Producto JMeter 0077,JMT-PROD-0077,3,2,115.09,158.82,Metro,101,16,2
Producto JMeter 0078,JMT-PROD-0078,3,2,116.26,165.09,Caja,104,17,2
Producto JMeter 0079,JMT-PROD-0079,3,2,117.43,171.45,Paquete,107,18,2
Producto JMeter 0080,JMT-PROD-0080,3,2,118.60,154.18,Docena,110,19,2
Producto JMeter 0081,JMT-PROD-0081,3,2,119.77,160.49,Unidad,113,0,2
Producto JMeter 0082,JMT-PROD-0082,3,2,120.94,166.90,Kilogramo,116,1,2
Producto JMeter 0083,JMT-PROD-0083,3,2,122.11,173.40,Gramo,119,2,2
Producto JMeter 0084,JMT-PROD-0084,3,2,123.28,179.99,Litro,122,3,2
Producto JMeter 0085,JMT-PROD-0085,3,2,124.45,161.78,Metro,125,4,2
Producto JMeter 0086,JMT-PROD-0086,3,2,125.62,168.33,Caja,128,5,2
Producto JMeter 0087,JMT-PROD-0087,3,2,126.79,174.97,Paquete,131,6,2
Producto JMeter 0088,JMT-PROD-0088,3,2,127.96,181.70,Docena,134,7,2
Producto JMeter 0089,JMT-PROD-0089,3,2,129.13,188.53,Unidad,137,8,2
Producto JMeter 0090,JMT-PROD-0090,3,2,130.30,169.39,Kilogramo,140,9,2
Producto JMeter 0091,JMT-PROD-0091,3,2,131.47,176.17,Gramo,143,10,2
Producto JMeter 0092,JMT-PROD-0092,3,2,132.64,183.04,Litro,146,11,2
Producto JMeter 0093,JMT-PROD-0093,3,2,133.81,190.01,Metro,149,12,2
Producto JMeter 0094,JMT-PROD-0094,3,2,134.98,197.07,Caja,12,13,2
Producto JMeter 0095,JMT-PROD-0095,3,2,136.15,177.00,Paquete,15,14,2
Producto JMeter 0096,JMT-PROD-0096,3,2,137.32,184.01,Docena,18,15,2
Producto JMeter 0097,JMT-PROD-0097,3,2,138.49,191.12,Unidad,21,16,2
Producto JMeter 0098,JMT-PROD-0098,3,2,139.66,198.32,Kilogramo,24,17,2
Producto JMeter 0099,JMT-PROD-0099,3,2,140.83,205.61,Gramo,27,18,2
Producto JMeter 0100,JMT-PROD-0100,3,2,142.00,184.60,Litro,30,19,2
Producto JMeter 0101,JMT-PROD-0101,3,2,143.17,191.85,Metro,33,0,2
Producto JMeter 0102,JMT-PROD-0102,3,2,144.34,199.19,Caja,36,1,2
Producto JMeter 0103,JMT-PROD-0103,3,2,145.51,206.62,Paquete,39,2,2
Producto JMeter 0104,JMT-PROD-0104,3,2,146.68,214.15,Docena,42,3,2
Producto JMeter 0105,JMT-PROD-0105,3,2,147.85,192.20,Unidad,45,4,2
Producto JMeter 0106,JMT-PROD-0106,3,2,149.02,199.69,Kilogramo,48,5,2
Producto JMeter 0107,JMT-PROD-0107,3,2,150.19,207.26,Gramo,51,6,2
Producto JMeter 0108,JMT-PROD-0108,3,2,151.36,214.93,Litro,54,7,2
Producto JMeter 0109,JMT-PROD-0109,3,2,152.53,222.69,Metro,57,8,2
Producto JMeter 0110,JMT-PROD-0110,3,2,153.70,199.81,Caja,60,9,2
Producto JMeter 0111,JMT-PROD-0111,3,2,154.87,207.53,Paquete,63,10,2
Producto JMeter 0112,JMT-PROD-0112,3,2,156.04,215.34,Docena,66,11,2
Producto JMeter 0113,JMT-PROD-0113,3,2,157.21,223.24,Unidad,69,12,2
Producto JMeter 0114,JMT-PROD-0114,3,2,158.38,231.23,Kilogramo,72,13,2
Producto JMeter 0115,JMT-PROD-0115,3,2,159.55,207.42,Gramo,75,14,2
Producto JMeter 0116,JMT-PROD-0116,3,2,160.72,215.36,Litro,78,15,2
Producto JMeter 0117,JMT-PROD-0117,3,2,161.89,223.41,Metro,81,16,2
Producto JMeter 0118,JMT-PROD-0118,3,2,163.06,231.55,Caja,84,17,2
Producto JMeter 0119,JMT-PROD-0119,3,2,164.23,239.78,Paquete,87,18,2
Producto JMeter 0120,JMT-PROD-0120,3,2,165.40,215.02,Docena,90,19,2
Producto JMeter 0121,JMT-PROD-0121,3,2,166.57,223.20,Unidad,93,0,2
Producto JMeter 0122,JMT-PROD-0122,3,2,167.74,231.48,Kilogramo,96,1,2
Producto JMeter 0123,JMT-PROD-0123,3,2,168.91,239.85,Gramo,99,2,2
Producto JMeter 0124,JMT-PROD-0124,3,2,170.08,248.32,Litro,102,3,2
Producto JMeter 0125,JMT-PROD-0125,3,2,171.25,222.62,Metro,105,4,2
Producto JMeter 0126,JMT-PROD-0126,3,2,172.42,231.04,Caja,108,5,2
Producto JMeter 0127,JMT-PROD-0127,3,2,173.59,239.55,Paquete,111,6,2
Producto JMeter 0128,JMT-PROD-0128,3,2,174.76,248.16,Docena,114,7,2
Producto JMeter 0129,JMT-PROD-0129,3,2,175.93,256.86,Unidad,117,8,2
Producto JMeter 0130,JMT-PROD-0130,3,2,177.10,230.23,Kilogramo,120,9,2
Producto JMeter 0131,JMT-PROD-0131,3,2,178.27,238.88,Gramo,123,10,2
Producto JMeter 0132,JMT-PROD-0132,3,2,179.44,247.63,Litro,126,11,2
Producto JMeter 0133,JMT-PROD-0133,3,2,180.61,256.47,Metro,129,12,2
Producto JMeter 0134,JMT-PROD-0134,3,2,181.78,265.40,Caja,132,13,2
Producto JMeter 0135,JMT-PROD-0135,3,2,182.95,237.83,Paquete,135,14,2
Producto JMeter 0136,JMT-PROD-0136,3,2,184.12,246.72,Docena,138,15,2
Producto JMeter 0137,JMT-PROD-0137,3,2,185.29,255.70,Unidad,141,16,2
Producto JMeter 0138,JMT-PROD-0138,3,2,186.46,264.77,Kilogramo,144,17,2
Producto JMeter 0139,JMT-PROD-0139,3,2,187.63,273.94,Gramo,147,18,2
Producto JMeter 0140,JMT-PROD-0140,3,2,188.80,245.44,Litro,10,19,2
Producto JMeter 0141,JMT-PROD-0141,3,2,189.97,254.56,Metro,13,0,2
Producto JMeter 0142,JMT-PROD-0142,3,2,191.14,263.77,Caja,16,1,2
Producto JMeter 0143,JMT-PROD-0143,3,2,192.31,273.08,Paquete,19,2,2
Producto JMeter 0144,JMT-PROD-0144,3,2,193.48,282.48,Docena,22,3,2
Producto JMeter 0145,JMT-PROD-0145,3,2,194.65,253.04,Unidad,25,4,2
Producto JMeter 0146,JMT-PROD-0146,3,2,195.82,262.40,Kilogramo,28,5,2
Producto JMeter 0147,JMT-PROD-0147,3,2,196.99,271.85,Gramo,31,6,2
Producto JMeter 0148,JMT-PROD-0148,3,2,198.16,281.39,Litro,34,7,2
Producto JMeter 0149,JMT-PROD-0149,3,2,199.33,291.02,Metro,37,8,2
Producto JMeter 0150,JMT-PROD-0150,3,2,200.50,260.65,Caja,40,9,2
Producto JMeter 0151,JMT-PROD-0151,3,2,201.67,270.24,Paquete,43,10,2
Producto JMeter 0152,JMT-PROD-0152,3,2,202.84,279.92,Docena,46,11,2
Producto JMeter 0153,JMT-PROD-0153,3,2,204.01,289.69,Unidad,49,12,2
Producto JMeter 0154,JMT-PROD-0154,3,2,205.18,299.56,Kilogramo,52,13,2
Producto JMeter 0155,JMT-PROD-0155,3,2,206.35,268.26,Gramo,55,14,2
Producto JMeter 0156,JMT-PROD-0156,3,2,207.52,278.08,Litro,58,15,2
Producto JMeter 0157,JMT-PROD-0157,3,2,208.69,287.99,Metro,61,16,2
Producto JMeter 0158,JMT-PROD-0158,3,2,209.86,298.00,Caja,64,17,2
Producto JMeter 0159,JMT-PROD-0159,3,2,211.03,308.10,Paquete,67,18,2
Producto JMeter 0160,JMT-PROD-0160,3,2,212.20,275.86,Docena,70,19,2
Producto JMeter 0161,JMT-PROD-0161,3,2,213.37,285.92,Unidad,73,0,2
Producto JMeter 0162,JMT-PROD-0162,3,2,214.54,296.07,Kilogramo,76,1,2
Producto JMeter 0163,JMT-PROD-0163,3,2,215.71,306.31,Gramo,79,2,2
Producto JMeter 0164,JMT-PROD-0164,3,2,216.88,316.64,Litro,82,3,2
Producto JMeter 0165,JMT-PROD-0165,3,2,218.05,283.47,Metro,85,4,2
Producto JMeter 0166,JMT-PROD-0166,3,2,219.22,293.75,Caja,88,5,2
Producto JMeter 0167,JMT-PROD-0167,3,2,220.39,304.14,Paquete,91,6,2
Producto JMeter 0168,JMT-PROD-0168,3,2,221.56,314.62,Docena,94,7,2
Producto JMeter 0169,JMT-PROD-0169,3,2,222.73,325.19,Unidad,97,8,2
Producto JMeter 0170,JMT-PROD-0170,3,2,223.90,291.07,Kilogramo,100,9,2
Producto JMeter 0171,JMT-PROD-0171,3,2,225.07,301.59,Gramo,103,10,2
Producto JMeter 0172,JMT-PROD-0172,3,2,226.24,312.21,Litro,106,11,2
Producto JMeter 0173,JMT-PROD-0173,3,2,227.41,322.92,Metro,109,12,2
Producto JMeter 0174,JMT-PROD-0174,3,2,228.58,333.73,Caja,112,13,2
Producto JMeter 0175,JMT-PROD-0175,3,2,229.75,298.68,Paquete,115,14,2
Producto JMeter 0176,JMT-PROD-0176,3,2,230.92,309.43,Docena,118,15,2
Producto JMeter 0177,JMT-PROD-0177,3,2,232.09,320.28,Unidad,121,16,2
Producto JMeter 0178,JMT-PROD-0178,3,2,233.26,331.23,Kilogramo,124,17,2
Producto JMeter 0179,JMT-PROD-0179,3,2,234.43,342.27,Gramo,127,18,2
Producto JMeter 0180,JMT-PROD-0180,3,2,235.60,306.28,Litro,130,19,2
Producto JMeter 0181,JMT-PROD-0181,3,2,236.77,317.27,Metro,133,0,2
Producto JMeter 0182,JMT-PROD-0182,3,2,237.94,328.36,Caja,136,1,2
Producto JMeter 0183,JMT-PROD-0183,3,2,239.11,339.54,Paquete,139,2,2
Producto JMeter 0184,JMT-PROD-0184,3,2,240.28,350.81,Docena,142,3,2
Producto JMeter 0185,JMT-PROD-0185,3,2,241.45,313.88,Unidad,145,4,2
Producto JMeter 0186,JMT-PROD-0186,3,2,242.62,325.11,Kilogramo,148,5,2
Producto JMeter 0187,JMT-PROD-0187,3,2,243.79,336.43,Gramo,11,6,2
Producto JMeter 0188,JMT-PROD-0188,3,2,244.96,347.84,Litro,14,7,2
Producto JMeter 0189,JMT-PROD-0189,3,2,246.13,359.35,Metro,17,8,2
Producto JMeter 0190,JMT-PROD-0190,3,2,247.30,321.49,Caja,20,9,2
Producto JMeter 0191,JMT-PROD-0191,3,2,248.47,332.95,Paquete,23,10,2
Producto JMeter 0192,JMT-PROD-0192,3,2,249.64,344.50,Docena,26,11,2
Producto JMeter 0193,JMT-PROD-0193,3,2,250.81,356.15,Unidad,29,12,2
Producto JMeter 0194,JMT-PROD-0194,3,2,251.98,367.89,Kilogramo,32,13,2
Producto JMeter 0195,JMT-PROD-0195,3,2,253.15,329.10,Gramo,35,14,2
Producto JMeter 0196,JMT-PROD-0196,3,2,254.32,340.79,Litro,38,15,2
Producto JMeter 0197,JMT-PROD-0197,3,2,255.49,352.58,Metro,41,16,2
Producto JMeter 0198,JMT-PROD-0198,3,2,256.66,364.46,Caja,44,17,2
Producto JMeter 0199,JMT-PROD-0199,3,2,257.83,376.43,Paquete,47,18,2
Producto JMeter 0200,JMT-PROD-0200,3,2,259.00,336.70,Docena,50,19,2
Producto JMeter 0201,JMT-PROD-0201,3,2,260.17,348.63,Unidad,53,0,2
Producto JMeter 0202,JMT-PROD-0202,3,2,261.34,360.65,Kilogramo,56,1,2
Producto JMeter 0203,JMT-PROD-0203,3,2,262.51,372.76,Gramo,59,2,2
Producto JMeter 0204,JMT-PROD-0204,3,2,263.68,384.97,Litro,62,3,2
Producto JMeter 0205,JMT-PROD-0205,3,2,264.85,344.31,Metro,65,4,2
Producto JMeter 0206,JMT-PROD-0206,3,2,266.02,356.47,Caja,68,5,2
Producto JMeter 0207,JMT-PROD-0207,3,2,267.19,368.72,Paquete,71,6,2
Producto JMeter 0208,JMT-PROD-0208,3,2,268.36,381.07,Docena,74,7,2
Producto JMeter 0209,JMT-PROD-0209,3,2,269.53,393.51,Unidad,77,8,2
Producto JMeter 0210,JMT-PROD-0210,3,2,270.70,351.91,Kilogramo,80,9,2
Producto JMeter 0211,JMT-PROD-0211,3,2,271.87,364.31,Gramo,83,10,2
Producto JMeter 0212,JMT-PROD-0212,3,2,273.04,376.80,Litro,86,11,2
Producto JMeter 0213,JMT-PROD-0213,3,2,274.21,389.38,Metro,89,12,2
Producto JMeter 0214,JMT-PROD-0214,3,2,275.38,402.05,Caja,92,13,2
Producto JMeter 0215,JMT-PROD-0215,3,2,276.55,359.52,Paquete,95,14,2
Producto JMeter 0216,JMT-PROD-0216,3,2,277.72,372.14,Docena,98,15,2
Producto JMeter 0217,JMT-PROD-0217,3,2,278.89,384.87,Unidad,101,16,2
Producto JMeter 0218,JMT-PROD-0218,3,2,280.06,397.69,Kilogramo,104,17,2
Producto JMeter 0219,JMT-PROD-0219,3,2,281.23,410.60,Gramo,107,18,2
Producto JMeter 0220,JMT-PROD-0220,3,2,282.40,367.12,Litro,110,19,2
Producto JMeter 0221,JMT-PROD-0221,3,2,283.57,379.98,Metro,113,0,2
Producto JMeter 0222,JMT-PROD-0222,3,2,284.74,392.94,Caja,116,1,2
Producto JMeter 0223,JMT-PROD-0223,3,2,285.91,405.99,Paquete,119,2,2
Producto JMeter 0224,JMT-PROD-0224,3,2,287.08,419.14,Docena,122,3,2
Producto JMeter 0225,JMT-PROD-0225,3,2,288.25,374.72,Unidad,125,4,2
Producto JMeter 0226,JMT-PROD-0226,3,2,289.42,387.82,Kilogramo,128,5,2
Producto JMeter 0227,JMT-PROD-0227,3,2,290.59,401.01,Gramo,131,6,2
Producto JMeter 0228,JMT-PROD-0228,3,2,291.76,414.30,Litro,134,7,2
Producto JMeter 0229,JMT-PROD-0229,3,2,292.93,427.68,Metro,137,8,2
Producto JMeter 0230,JMT-PROD-0230,3,2,294.10,382.33,Caja,140,9,2
Producto JMeter 0231,JMT-PROD-0231,3,2,295.27,395.66,Paquete,143,10,2
Producto JMeter 0232,JMT-PROD-0232,3,2,296.44,409.09,Docena,146,11,2
Producto JMeter 0233,JMT-PROD-0233,3,2,297.61,422.61,Unidad,149,12,2
Producto JMeter 0234,JMT-PROD-0234,3,2,298.78,436.22,Kilogramo,12,13,2
Producto JMeter 0235,JMT-PROD-0235,3,2,299.95,389.94,Gramo,15,14,2
Producto JMeter 0236,JMT-PROD-0236,3,2,301.12,403.50,Litro,18,15,2
Producto JMeter 0237,JMT-PROD-0237,3,2,302.29,417.16,Metro,21,16,2
Producto JMeter 0238,JMT-PROD-0238,3,2,303.46,430.91,Caja,24,17,2
Producto JMeter 0239,JMT-PROD-0239,3,2,304.63,444.76,Paquete,27,18,2
Producto JMeter 0240,JMT-PROD-0240,3,2,305.80,397.54,Docena,30,19,2
Producto JMeter 0241,JMT-PROD-0241,3,2,306.97,411.34,Unidad,33,0,2
Producto JMeter 0242,JMT-PROD-0242,3,2,308.14,425.23,Kilogramo,36,1,2
Producto JMeter 0243,JMT-PROD-0243,3,2,309.31,439.22,Gramo,39,2,2
Producto JMeter 0244,JMT-PROD-0244,3,2,310.48,453.30,Litro,42,3,2
Producto JMeter 0245,JMT-PROD-0245,3,2,311.65,405.14,Metro,45,4,2
Producto JMeter 0246,JMT-PROD-0246,3,2,312.82,419.18,Caja,48,5,2
Producto JMeter 0247,JMT-PROD-0247,3,2,313.99,433.31,Paquete,51,6,2
Producto JMeter 0248,JMT-PROD-0248,3,2,315.16,447.53,Docena,54,7,2
Producto JMeter 0249,JMT-PROD-0249,3,2,316.33,461.84,Unidad,57,8,2
Producto JMeter 0250,JMT-PROD-0250,3,2,317.50,412.75,Kilogramo,60,9,2
Producto JMeter 0251,JMT-PROD-0251,3,2,318.67,427.02,Gramo,63,10,2
Producto JMeter 0252,JMT-PROD-0252,3,2,319.84,441.38,Litro,66,11,2
Producto JMeter 0253,JMT-PROD-0253,3,2,321.01,455.83,Metro,69,12,2
Producto JMeter 0254,JMT-PROD-0254,3,2,322.18,470.38,Caja,72,13,2
Producto JMeter 0255,JMT-PROD-0255,3,2,323.35,420.36,Paquete,75,14,2
Producto JMeter 0256,JMT-PROD-0256,3,2,324.52,434.86,Docena,78,15,2
Producto JMeter 0257,JMT-PROD-0257,3,2,325.69,449.45,Unidad,81,16,2
Producto JMeter 0258,JMT-PROD-0258,3,2,326.86,464.14,Kilogramo,84,17,2
Producto JMeter 0259,JMT-PROD-0259,3,2,328.03,478.92,Gramo,87,18,2
Producto JMeter 0260,JMT-PROD-0260,3,2,329.20,427.96,Litro,90,19,2
Producto JMeter 0261,JMT-PROD-0261,3,2,330.37,442.70,Metro,93,0,2
Producto JMeter 0262,JMT-PROD-0262,3,2,331.54,457.53,Caja,96,1,2
Producto JMeter 0263,JMT-PROD-0263,3,2,332.71,472.45,Paquete,99,2,2
Producto JMeter 0264,JMT-PROD-0264,3,2,333.88,487.46,Docena,102,3,2
Producto JMeter 0265,JMT-PROD-0265,3,2,335.05,435.57,Unidad,105,4,2
Producto JMeter 0266,JMT-PROD-0266,3,2,336.22,450.53,Kilogramo,108,5,2
Producto JMeter 0267,JMT-PROD-0267,3,2,337.39,465.60,Gramo,111,6,2
Producto JMeter 0268,JMT-PROD-0268,3,2,338.56,480.76,Litro,114,7,2
Producto JMeter 0269,JMT-PROD-0269,3,2,339.73,496.01,Metro,117,8,2
Producto JMeter 0270,JMT-PROD-0270,3,2,340.90,443.17,Caja,120,9,2
Producto JMeter 0271,JMT-PROD-0271,3,2,342.07,458.37,Paquete,123,10,2
Producto JMeter 0272,JMT-PROD-0272,3,2,343.24,473.67,Docena,126,11,2
Producto JMeter 0273,JMT-PROD-0273,3,2,344.41,489.06,Unidad,129,12,2
Producto JMeter 0274,JMT-PROD-0274,3,2,345.58,504.55,Kilogramo,132,13,2
Producto JMeter 0275,JMT-PROD-0275,3,2,346.75,450.78,Gramo,135,14,2
Producto JMeter 0276,JMT-PROD-0276,3,2,347.92,466.21,Litro,138,15,2
Producto JMeter 0277,JMT-PROD-0277,3,2,349.09,481.74,Metro,141,16,2
Producto JMeter 0278,JMT-PROD-0278,3,2,350.26,497.37,Caja,144,17,2
Producto JMeter 0279,JMT-PROD-0279,3,2,351.43,513.09,Paquete,147,18,2
Producto JMeter 0280,JMT-PROD-0280,3,2,352.60,458.38,Docena,10,19,2
Producto JMeter 0281,JMT-PROD-0281,3,2,353.77,474.05,Unidad,13,0,2
Producto JMeter 0282,JMT-PROD-0282,3,2,354.94,489.82,Kilogramo,16,1,2
Producto JMeter 0283,JMT-PROD-0283,3,2,356.11,505.68,Gramo,19,2,2
Producto JMeter 0284,JMT-PROD-0284,3,2,357.28,521.63,Litro,22,3,2
Producto JMeter 0285,JMT-PROD-0285,3,2,358.45,465.98,Metro,25,4,2
Producto JMeter 0286,JMT-PROD-0286,3,2,359.62,481.89,Caja,28,5,2
Producto JMeter 0287,JMT-PROD-0287,3,2,360.79,497.89,Paquete,31,6,2
Producto JMeter 0288,JMT-PROD-0288,3,2,361.96,513.98,Docena,34,7,2
Producto JMeter 0289,JMT-PROD-0289,3,2,363.13,530.17,Unidad,37,8,2
Producto JMeter 0290,JMT-PROD-0290,3,2,364.30,473.59,Kilogramo,40,9,2
Producto JMeter 0291,JMT-PROD-0291,3,2,365.47,489.73,Gramo,43,10,2
Producto JMeter 0292,JMT-PROD-0292,3,2,366.64,505.96,Litro,46,11,2
Producto JMeter 0293,JMT-PROD-0293,3,2,367.81,522.29,Metro,49,12,2
Producto JMeter 0294,JMT-PROD-0294,3,2,368.98,538.71,Caja,52,13,2
Producto JMeter 0295,JMT-PROD-0295,3,2,370.15,481.20,Paquete,55,14,2
Producto JMeter 0296,JMT-PROD-0296,3,2,371.32,497.57,Docena,58,15,2
Producto JMeter 0297,JMT-PROD-0297,3,2,372.49,514.04,Unidad,61,16,2
Producto JMeter 0298,JMT-PROD-0298,3,2,373.66,530.60,Kilogramo,64,17,2
Producto JMeter 0299,JMT-PROD-0299,3,2,374.83,547.25,Gramo,67,18,2
Producto JMeter 0300,JMT-PROD-0300,3,2,376.00,488.80,Litro,70,19,2
Producto JMeter 0301,JMT-PROD-0301,3,2,377.17,505.41,Metro,73,0,2
Producto JMeter 0302,JMT-PROD-0302,3,2,378.34,522.11,Caja,76,1,2
Producto JMeter 0303,JMT-PROD-0303,3,2,379.51,538.90,Paquete,79,2,2
Producto JMeter 0304,JMT-PROD-0304,3,2,380.68,555.79,Docena,82,3,2
Producto JMeter 0305,JMT-PROD-0305,3,2,381.85,496.40,Unidad,85,4,2
Producto JMeter 0306,JMT-PROD-0306,3,2,383.02,513.25,Kilogramo,88,5,2
Producto JMeter 0307,JMT-PROD-0307,3,2,384.19,530.18,Gramo,91,6,2
Producto JMeter 0308,JMT-PROD-0308,3,2,385.36,547.21,Litro,94,7,2
Producto JMeter 0309,JMT-PROD-0309,3,2,386.53,564.33,Metro,97,8,2
Producto JMeter 0310,JMT-PROD-0310,3,2,387.70,504.01,Caja,100,9,2
Producto JMeter 0311,JMT-PROD-0311,3,2,388.87,521.09,Paquete,103,10,2
Producto JMeter 0312,JMT-PROD-0312,3,2,390.04,538.26,Docena,106,11,2
Producto JMeter 0313,JMT-PROD-0313,3,2,391.21,555.52,Unidad,109,12,2
Producto JMeter 0314,JMT-PROD-0314,3,2,392.38,572.87,Kilogramo,112,13,2
Producto JMeter 0315,JMT-PROD-0315,3,2,393.55,511.62,Gramo,115,14,2
Producto JMeter 0316,JMT-PROD-0316,3,2,394.72,528.92,Litro,118,15,2
Producto JMeter 0317,JMT-PROD-0317,3,2,395.89,546.33,Metro,121,16,2
Producto JMeter 0318,JMT-PROD-0318,3,2,397.06,563.83,Caja,124,17,2
Producto JMeter 0319,JMT-PROD-0319,3,2,398.23,581.42,Paquete,127,18,2
Producto JMeter 0320,JMT-PROD-0320,3,2,399.40,519.22,Docena,130,19,2
Producto JMeter 0321,JMT-PROD-0321,3,2,400.57,536.76,Unidad,133,0,2
Producto JMeter 0322,JMT-PROD-0322,3,2,401.74,554.40,Kilogramo,136,1,2
Producto JMeter 0323,JMT-PROD-0323,3,2,402.91,572.13,Gramo,139,2,2
Producto JMeter 0324,JMT-PROD-0324,3,2,404.08,589.96,Litro,142,3,2
Producto JMeter 0325,JMT-PROD-0325,3,2,405.25,526.83,Metro,145,4,2
Producto JMeter 0326,JMT-PROD-0326,3,2,406.42,544.60,Caja,148,5,2
Producto JMeter 0327,JMT-PROD-0327,3,2,407.59,562.47,Paquete,11,6,2
Producto JMeter 0328,JMT-PROD-0328,3,2,408.76,580.44,Docena,14,7,2
Producto JMeter 0329,JMT-PROD-0329,3,2,409.93,598.50,Unidad,17,8,2
Producto JMeter 0330,JMT-PROD-0330,3,2,411.10,534.43,Kilogramo,20,9,2
Producto JMeter 0331,JMT-PROD-0331,3,2,412.27,552.44,Gramo,23,10,2
Producto JMeter 0332,JMT-PROD-0332,3,2,413.44,570.55,Litro,26,11,2
Producto JMeter 0333,JMT-PROD-0333,3,2,414.61,588.75,Metro,29,12,2
Producto JMeter 0334,JMT-PROD-0334,3,2,415.78,607.04,Caja,32,13,2
Producto JMeter 0335,JMT-PROD-0335,3,2,416.95,542.04,Paquete,35,14,2
Producto JMeter 0336,JMT-PROD-0336,3,2,418.12,560.28,Docena,38,15,2
Producto JMeter 0337,JMT-PROD-0337,3,2,419.29,578.62,Unidad,41,16,2
Producto JMeter 0338,JMT-PROD-0338,3,2,420.46,597.05,Kilogramo,44,17,2
Producto JMeter 0339,JMT-PROD-0339,3,2,421.63,615.58,Gramo,47,18,2
Producto JMeter 0340,JMT-PROD-0340,3,2,422.80,549.64,Litro,50,19,2
Producto JMeter 0341,JMT-PROD-0341,3,2,423.97,568.12,Metro,53,0,2
Producto JMeter 0342,JMT-PROD-0342,3,2,425.14,586.69,Caja,56,1,2
Producto JMeter 0343,JMT-PROD-0343,3,2,426.31,605.36,Paquete,59,2,2
Producto JMeter 0344,JMT-PROD-0344,3,2,427.48,624.12,Docena,62,3,2
Producto JMeter 0345,JMT-PROD-0345,3,2,428.65,557.24,Unidad,65,4,2
Producto JMeter 0346,JMT-PROD-0346,3,2,429.82,575.96,Kilogramo,68,5,2
Producto JMeter 0347,JMT-PROD-0347,3,2,430.99,594.77,Gramo,71,6,2
Producto JMeter 0348,JMT-PROD-0348,3,2,432.16,613.67,Litro,74,7,2
Producto JMeter 0349,JMT-PROD-0349,3,2,433.33,632.66,Metro,77,8,2
Producto JMeter 0350,JMT-PROD-0350,3,2,434.50,564.85,Caja,80,9,2
Producto JMeter 0351,JMT-PROD-0351,3,2,435.67,583.80,Paquete,83,10,2
Producto JMeter 0352,JMT-PROD-0352,3,2,436.84,602.84,Docena,86,11,2
Producto JMeter 0353,JMT-PROD-0353,3,2,438.01,621.97,Unidad,89,12,2
Producto JMeter 0354,JMT-PROD-0354,3,2,439.18,641.20,Kilogramo,92,13,2
Producto JMeter 0355,JMT-PROD-0355,3,2,440.35,572.46,Gramo,95,14,2
Producto JMeter 0356,JMT-PROD-0356,3,2,441.52,591.64,Litro,98,15,2
Producto JMeter 0357,JMT-PROD-0357,3,2,442.69,610.91,Metro,101,16,2
Producto JMeter 0358,JMT-PROD-0358,3,2,443.86,630.28,Caja,104,17,2
Producto JMeter 0359,JMT-PROD-0359,3,2,445.03,649.74,Paquete,107,18,2
Producto JMeter 0360,JMT-PROD-0360,3,2,446.20,580.06,Docena,110,19,2
Producto JMeter 0361,JMT-PROD-0361,3,2,447.37,599.48,Unidad,113,0,2
Producto JMeter 0362,JMT-PROD-0362,3,2,448.54,618.99,Kilogramo,116,1,2
Producto JMeter 0363,JMT-PROD-0363,3,2,449.71,638.59,Gramo,119,2,2
Producto JMeter 0364,JMT-PROD-0364,3,2,450.88,658.28,Litro,122,3,2
Producto JMeter 0365,JMT-PROD-0365,3,2,452.05,587.67,Metro,125,4,2
Producto JMeter 0366,JMT-PROD-0366,3,2,453.22,607.31,Caja,128,5,2
Producto JMeter 0367,JMT-PROD-0367,3,2,454.39,627.06,Paquete,131,6,2
Producto JMeter 0368,JMT-PROD-0368,3,2,455.56,646.90,Docena,134,7,2
Producto JMeter 0369,JMT-PROD-0369,3,2,456.73,666.83,Unidad,137,8,2
Producto JMeter 0370,JMT-PROD-0370,3,2,457.90,595.27,Kilogramo,140,9,2
Producto JMeter 0371,JMT-PROD-0371,3,2,459.07,615.15,Gramo,143,10,2
Producto JMeter 0372,JMT-PROD-0372,3,2,460.24,635.13,Litro,146,11,2
Producto JMeter 0373,JMT-PROD-0373,3,2,461.41,655.20,Metro,149,12,2
Producto JMeter 0374,JMT-PROD-0374,3,2,462.58,675.37,Caja,12,13,2
Producto JMeter 0375,JMT-PROD-0375,3,2,463.75,602.88,Paquete,15,14,2
Producto JMeter 0376,JMT-PROD-0376,3,2,464.92,622.99,Docena,18,15,2
Producto JMeter 0377,JMT-PROD-0377,3,2,466.09,643.20,Unidad,21,16,2
Producto JMeter 0378,JMT-PROD-0378,3,2,467.26,663.51,Kilogramo,24,17,2
Producto JMeter 0379,JMT-PROD-0379,3,2,468.43,683.91,Gramo,27,18,2
Producto JMeter 0380,JMT-PROD-0380,3,2,469.60,610.48,Litro,30,19,2
Producto JMeter 0381,JMT-PROD-0381,3,2,470.77,630.83,Metro,33,0,2
Producto JMeter 0382,JMT-PROD-0382,3,2,471.94,651.28,Caja,36,1,2
Producto JMeter 0383,JMT-PROD-0383,3,2,473.11,671.82,Paquete,39,2,2
Producto JMeter 0384,JMT-PROD-0384,3,2,474.28,692.45,Docena,42,3,2
Producto JMeter 0385,JMT-PROD-0385,3,2,475.45,618.08,Unidad,45,4,2
Producto JMeter 0386,JMT-PROD-0386,3,2,476.62,638.67,Kilogramo,48,5,2
Producto JMeter 0387,JMT-PROD-0387,3,2,477.79,659.35,Gramo,51,6,2
Producto JMeter 0388,JMT-PROD-0388,3,2,478.96,680.12,Litro,54,7,2
Producto JMeter 0389,JMT-PROD-0389,3,2,480.13,700.99,Metro,57,8,2
Producto JMeter 0390,JMT-PROD-0390,3,2,481.30,625.69,Caja,60,9,2
Producto JMeter 0391,JMT-PROD-0391,3,2,482.47,646.51,Paquete,63,10,2
Producto JMeter 0392,JMT-PROD-0392,3,2,483.64,667.42,Docena,66,11,2
Producto JMeter 0393,JMT-PROD-0393,3,2,484.81,688.43,Unidad,69,12,2
Producto JMeter 0394,JMT-PROD-0394,3,2,485.98,709.53,Kilogramo,72,13,2
Producto JMeter 0395,JMT-PROD-0395,3,2,487.15,633.29,Gramo,75,14,2
Producto JMeter 0396,JMT-PROD-0396,3,2,488.32,654.35,Litro,78,15,2
Producto JMeter 0397,JMT-PROD-0397,3,2,489.49,675.50,Metro,81,16,2
Producto JMeter 0398,JMT-PROD-0398,3,2,490.66,696.74,Caja,84,17,2
Producto JMeter 0399,JMT-PROD-0399,3,2,491.83,718.07,Paquete,87,18,2
Producto JMeter 0400,JMT-PROD-0400,3,2,493.00,640.90,Docena,90,19,2
Producto JMeter 0401,JMT-PROD-0401,3,2,494.17,662.19,Unidad,93,0,2
Producto JMeter 0402,JMT-PROD-0402,3,2,495.34,683.57,Kilogramo,96,1,2
Producto JMeter 0403,JMT-PROD-0403,3,2,496.51,705.04,Gramo,99,2,2
Producto JMeter 0404,JMT-PROD-0404,3,2,497.68,726.61,Litro,102,3,2
Producto JMeter 0405,JMT-PROD-0405,3,2,498.85,648.50,Metro,105,4,2
Producto JMeter 0406,JMT-PROD-0406,3,2,500.02,670.03,Caja,108,5,2
Producto JMeter 0407,JMT-PROD-0407,3,2,501.19,691.64,Paquete,111,6,2
Producto JMeter 0408,JMT-PROD-0408,3,2,502.36,713.35,Docena,114,7,2
Producto JMeter 0409,JMT-PROD-0409,3,2,503.53,735.15,Unidad,117,8,2
Producto JMeter 0410,JMT-PROD-0410,3,2,504.70,656.11,Kilogramo,120,9,2
Producto JMeter 0411,JMT-PROD-0411,3,2,505.87,677.87,Gramo,123,10,2
Producto JMeter 0412,JMT-PROD-0412,3,2,507.04,699.72,Litro,126,11,2
Producto JMeter 0413,JMT-PROD-0413,3,2,508.21,721.66,Metro,129,12,2
Producto JMeter 0414,JMT-PROD-0414,3,2,509.38,743.69,Caja,132,13,2
Producto JMeter 0415,JMT-PROD-0415,3,2,510.55,663.72,Paquete,135,14,2
Producto JMeter 0416,JMT-PROD-0416,3,2,511.72,685.70,Docena,138,15,2
Producto JMeter 0417,JMT-PROD-0417,3,2,512.89,707.79,Unidad,141,16,2
Producto JMeter 0418,JMT-PROD-0418,3,2,514.06,729.97,Kilogramo,144,17,2
Producto JMeter 0419,JMT-PROD-0419,3,2,515.23,752.24,Gramo,147,18,2
Producto JMeter 0420,JMT-PROD-0420,3,2,516.40,671.32,Litro,10,19,2
Producto JMeter 0421,JMT-PROD-0421,3,2,517.57,693.54,Metro,13,0,2
Producto JMeter 0422,JMT-PROD-0422,3,2,518.74,715.86,Caja,16,1,2
Producto JMeter 0423,JMT-PROD-0423,3,2,519.91,738.27,Paquete,19,2,2
Producto JMeter 0424,JMT-PROD-0424,3,2,521.08,760.78,Docena,22,3,2
Producto JMeter 0425,JMT-PROD-0425,3,2,522.25,678.92,Unidad,25,4,2
Producto JMeter 0426,JMT-PROD-0426,3,2,523.42,701.38,Kilogramo,28,5,2
Producto JMeter 0427,JMT-PROD-0427,3,2,524.59,723.93,Gramo,31,6,2
Producto JMeter 0428,JMT-PROD-0428,3,2,525.76,746.58,Litro,34,7,2
Producto JMeter 0429,JMT-PROD-0429,3,2,526.93,769.32,Metro,37,8,2
Producto JMeter 0430,JMT-PROD-0430,3,2,528.10,686.53,Caja,40,9,2
Producto JMeter 0431,JMT-PROD-0431,3,2,529.27,709.22,Paquete,43,10,2
Producto JMeter 0432,JMT-PROD-0432,3,2,530.44,732.01,Docena,46,11,2
Producto JMeter 0433,JMT-PROD-0433,3,2,531.61,754.89,Unidad,49,12,2
Producto JMeter 0434,JMT-PROD-0434,3,2,532.78,777.86,Kilogramo,52,13,2
Producto JMeter 0435,JMT-PROD-0435,3,2,533.95,694.14,Gramo,55,14,2
Producto JMeter 0436,JMT-PROD-0436,3,2,535.12,717.06,Litro,58,15,2
Producto JMeter 0437,JMT-PROD-0437,3,2,536.29,740.08,Metro,61,16,2
Producto JMeter 0438,JMT-PROD-0438,3,2,537.46,763.19,Caja,64,17,2
Producto JMeter 0439,JMT-PROD-0439,3,2,538.63,786.40,Paquete,67,18,2
Producto JMeter 0440,JMT-PROD-0440,3,2,539.80,701.74,Docena,70,19,2
Producto JMeter 0441,JMT-PROD-0441,3,2,540.97,724.90,Unidad,73,0,2
Producto JMeter 0442,JMT-PROD-0442,3,2,542.14,748.15,Kilogramo,76,1,2
Producto JMeter 0443,JMT-PROD-0443,3,2,543.31,771.50,Gramo,79,2,2
Producto JMeter 0444,JMT-PROD-0444,3,2,544.48,794.94,Litro,82,3,2
Producto JMeter 0445,JMT-PROD-0445,3,2,545.65,709.34,Metro,85,4,2
Producto JMeter 0446,JMT-PROD-0446,3,2,546.82,732.74,Caja,88,5,2
Producto JMeter 0447,JMT-PROD-0447,3,2,547.99,756.23,Paquete,91,6,2
Producto JMeter 0448,JMT-PROD-0448,3,2,549.16,779.81,Docena,94,7,2
Producto JMeter 0449,JMT-PROD-0449,3,2,550.33,803.48,Unidad,97,8,2
Producto JMeter 0450,JMT-PROD-0450,3,2,551.50,716.95,Kilogramo,100,9,2
Producto JMeter 0451,JMT-PROD-0451,3,2,552.67,740.58,Gramo,103,10,2
Producto JMeter 0452,JMT-PROD-0452,3,2,553.84,764.30,Litro,106,11,2
Producto JMeter 0453,JMT-PROD-0453,3,2,555.01,788.11,Metro,109,12,2
Producto JMeter 0454,JMT-PROD-0454,3,2,556.18,812.02,Caja,112,13,2
Producto JMeter 0455,JMT-PROD-0455,3,2,557.35,724.56,Paquete,115,14,2
Producto JMeter 0456,JMT-PROD-0456,3,2,558.52,748.42,Docena,118,15,2
Producto JMeter 0457,JMT-PROD-0457,3,2,559.69,772.37,Unidad,121,16,2
Producto JMeter 0458,JMT-PROD-0458,3,2,560.86,796.42,Kilogramo,124,17,2
Producto JMeter 0459,JMT-PROD-0459,3,2,562.03,820.56,Gramo,127,18,2
Producto JMeter 0460,JMT-PROD-0460,3,2,563.20,732.16,Litro,130,19,2
Producto JMeter 0461,JMT-PROD-0461,3,2,564.37,756.26,Metro,133,0,2
Producto JMeter 0462,JMT-PROD-0462,3,2,565.54,780.45,Caja,136,1,2
Producto JMeter 0463,JMT-PROD-0463,3,2,566.71,804.73,Paquete,139,2,2
Producto JMeter 0464,JMT-PROD-0464,3,2,567.88,829.10,Docena,142,3,2
Producto JMeter 0465,JMT-PROD-0465,3,2,569.05,739.76,Unidad,145,4,2
Producto JMeter 0466,JMT-PROD-0466,3,2,570.22,764.09,Kilogramo,148,5,2
Producto JMeter 0467,JMT-PROD-0467,3,2,571.39,788.52,Gramo,11,6,2
Producto JMeter 0468,JMT-PROD-0468,3,2,572.56,813.04,Litro,14,7,2
Producto JMeter 0469,JMT-PROD-0469,3,2,573.73,837.65,Metro,17,8,2
Producto JMeter 0470,JMT-PROD-0470,3,2,574.90,747.37,Caja,20,9,2
Producto JMeter 0471,JMT-PROD-0471,3,2,576.07,771.93,Paquete,23,10,2
Producto JMeter 0472,JMT-PROD-0472,3,2,577.24,796.59,Docena,26,11,2
Producto JMeter 0473,JMT-PROD-0473,3,2,578.41,821.34,Unidad,29,12,2
Producto JMeter 0474,JMT-PROD-0474,3,2,579.58,846.19,Kilogramo,32,13,2
Producto JMeter 0475,JMT-PROD-0475,3,2,580.75,754.98,Gramo,35,14,2
Producto JMeter 0476,JMT-PROD-0476,3,2,581.92,779.77,Litro,38,15,2
Producto JMeter 0477,JMT-PROD-0477,3,2,583.09,804.66,Metro,41,16,2
Producto JMeter 0478,JMT-PROD-0478,3,2,584.26,829.65,Caja,44,17,2
Producto JMeter 0479,JMT-PROD-0479,3,2,585.43,854.73,Paquete,47,18,2
Producto JMeter 0480,JMT-PROD-0480,3,2,586.60,762.58,Docena,50,19,2
Producto JMeter 0481,JMT-PROD-0481,3,2,587.77,787.61,Unidad,53,0,2
Producto JMeter 0482,JMT-PROD-0482,3,2,588.94,812.74,Kilogramo,56,1,2
Producto JMeter 0483,JMT-PROD-0483,3,2,590.11,837.96,Gramo,59,2,2
Producto JMeter 0484,JMT-PROD-0484,3,2,591.28,863.27,Litro,62,3,2
Producto JMeter 0485,JMT-PROD-0485,3,2,592.45,770.18,Metro,65,4,2
Producto JMeter 0486,JMT-PROD-0486,3,2,593.62,795.45,Caja,68,5,2
Producto JMeter 0487,JMT-PROD-0487,3,2,594.79,820.81,Paquete,71,6,2
Producto JMeter 0488,JMT-PROD-0488,3,2,595.96,846.26,Docena,74,7,2
Producto JMeter 0489,JMT-PROD-0489,3,2,597.13,871.81,Unidad,77,8,2
Producto JMeter 0490,JMT-PROD-0490,3,2,598.30,777.79,Kilogramo,80,9,2
Producto JMeter 0491,JMT-PROD-0491,3,2,599.47,803.29,Gramo,83,10,2
Producto JMeter 0492,JMT-PROD-0492,3,2,600.64,828.88,Litro,86,11,2
Producto JMeter 0493,JMT-PROD-0493,3,2,601.81,854.57,Metro,89,12,2
Producto JMeter 0494,JMT-PROD-0494,3,2,602.98,880.35,Caja,92,13,2
Producto JMeter 0495,JMT-PROD-0495,3,2,604.15,785.40,Paquete,95,14,2
Producto JMeter 0496,JMT-PROD-0496,3,2,605.32,811.13,Docena,98,15,2
Producto JMeter 0497,JMT-PROD-0497,3,2,606.49,836.96,Unidad,101,16,2
Producto JMeter 0498,JMT-PROD-0498,3,2,607.66,862.88,Kilogramo,104,17,2
Producto JMeter 0499,JMT-PROD-0499,3,2,608.83,888.89,Gramo,107,18,2
Producto JMeter 0500,JMT-PROD-0500,3,2,610.00,793.00,Litro,110,19,2
Producto JMeter 0501,JMT-PROD-0501,3,2,611.17,818.97,Metro,113,0,2
Producto JMeter 0502,JMT-PROD-0502,3,2,612.34,845.03,Caja,116,1,2
Producto JMeter 0503,JMT-PROD-0503,3,2,613.51,871.18,Paquete,119,2,2
Producto JMeter 0504,JMT-PROD-0504,3,2,614.68,897.43,Docena,122,3,2
Producto JMeter 0505,JMT-PROD-0505,3,2,615.85,800.60,Unidad,125,4,2
Producto JMeter 0506,JMT-PROD-0506,3,2,617.02,826.81,Kilogramo,128,5,2
Producto JMeter 0507,JMT-PROD-0507,3,2,618.19,853.10,Gramo,131,6,2
Producto JMeter 0508,JMT-PROD-0508,3,2,619.36,879.49,Litro,134,7,2
Producto JMeter 0509,JMT-PROD-0509,3,2,620.53,905.97,Metro,137,8,2
Producto JMeter 0510,JMT-PROD-0510,3,2,621.70,808.21,Caja,140,9,2
Producto JMeter 0511,JMT-PROD-0511,3,2,622.87,834.65,Paquete,143,10,2
Producto JMeter 0512,JMT-PROD-0512,3,2,624.04,861.18,Docena,146,11,2
Producto JMeter 0513,JMT-PROD-0513,3,2,625.21,887.80,Unidad,149,12,2
Producto JMeter 0514,JMT-PROD-0514,3,2,626.38,914.51,Kilogramo,12,13,2
Producto JMeter 0515,JMT-PROD-0515,3,2,627.55,815.82,Gramo,15,14,2
Producto JMeter 0516,JMT-PROD-0516,3,2,628.72,842.48,Litro,18,15,2
Producto JMeter 0517,JMT-PROD-0517,3,2,629.89,869.25,Metro,21,16,2
Producto JMeter 0518,JMT-PROD-0518,3,2,631.06,896.11,Caja,24,17,2
Producto JMeter 0519,JMT-PROD-0519,3,2,632.23,923.06,Paquete,27,18,2
Producto JMeter 0520,JMT-PROD-0520,3,2,633.40,823.42,Docena,30,19,2
Producto JMeter 0521,JMT-PROD-0521,3,2,634.57,850.32,Unidad,33,0,2
Producto JMeter 0522,JMT-PROD-0522,3,2,635.74,877.32,Kilogramo,36,1,2
Producto JMeter 0523,JMT-PROD-0523,3,2,636.91,904.41,Gramo,39,2,2
Producto JMeter 0524,JMT-PROD-0524,3,2,638.08,931.60,Litro,42,3,2
Producto JMeter 0525,JMT-PROD-0525,3,2,639.25,831.02,Metro,45,4,2
Producto JMeter 0526,JMT-PROD-0526,3,2,640.42,858.16,Caja,48,5,2
Producto JMeter 0527,JMT-PROD-0527,3,2,641.59,885.39,Paquete,51,6,2
Producto JMeter 0528,JMT-PROD-0528,3,2,642.76,912.72,Docena,54,7,2
Producto JMeter 0529,JMT-PROD-0529,3,2,643.93,940.14,Unidad,57,8,2
Producto JMeter 0530,JMT-PROD-0530,3,2,645.10,838.63,Kilogramo,60,9,2
Producto JMeter 0531,JMT-PROD-0531,3,2,646.27,866.00,Gramo,63,10,2
Producto JMeter 0532,JMT-PROD-0532,3,2,647.44,893.47,Litro,66,11,2
Producto JMeter 0533,JMT-PROD-0533,3,2,648.61,921.03,Metro,69,12,2
Producto JMeter 0534,JMT-PROD-0534,3,2,649.78,948.68,Caja,72,13,2
Producto JMeter 0535,JMT-PROD-0535,3,2,650.95,846.24,Paquete,75,14,2
Producto JMeter 0536,JMT-PROD-0536,3,2,652.12,873.84,Docena,78,15,2
Producto JMeter 0537,JMT-PROD-0537,3,2,653.29,901.54,Unidad,81,16,2
Producto JMeter 0538,JMT-PROD-0538,3,2,654.46,929.33,Kilogramo,84,17,2
Producto JMeter 0539,JMT-PROD-0539,3,2,655.63,957.22,Gramo,87,18,2
Producto JMeter 0540,JMT-PROD-0540,3,2,656.80,853.84,Litro,90,19,2
Producto JMeter 0541,JMT-PROD-0541,3,2,657.97,881.68,Metro,93,0,2
Producto JMeter 0542,JMT-PROD-0542,3,2,659.14,909.61,Caja,96,1,2
Producto JMeter 0543,JMT-PROD-0543,3,2,660.31,937.64,Paquete,99,2,2
Producto JMeter 0544,JMT-PROD-0544,3,2,661.48,965.76,Docena,102,3,2
Producto JMeter 0545,JMT-PROD-0545,3,2,662.65,861.44,Unidad,105,4,2
Producto JMeter 0546,JMT-PROD-0546,3,2,663.82,889.52,Kilogramo,108,5,2
Producto JMeter 0547,JMT-PROD-0547,3,2,664.99,917.69,Gramo,111,6,2
Producto JMeter 0548,JMT-PROD-0548,3,2,666.16,945.95,Litro,114,7,2
Producto JMeter 0549,JMT-PROD-0549,3,2,667.33,974.30,Metro,117,8,2
Producto JMeter 0550,JMT-PROD-0550,3,2,668.50,869.05,Caja,120,9,2
Producto JMeter 0551,JMT-PROD-0551,3,2,669.67,897.36,Paquete,123,10,2
Producto JMeter 0552,JMT-PROD-0552,3,2,670.84,925.76,Docena,126,11,2
Producto JMeter 0553,JMT-PROD-0553,3,2,672.01,954.25,Unidad,129,12,2
Producto JMeter 0554,JMT-PROD-0554,3,2,673.18,982.84,Kilogramo,132,13,2
Producto JMeter 0555,JMT-PROD-0555,3,2,674.35,876.66,Gramo,135,14,2
Producto JMeter 0556,JMT-PROD-0556,3,2,675.52,905.20,Litro,138,15,2
Producto JMeter 0557,JMT-PROD-0557,3,2,676.69,933.83,Metro,141,16,2
Producto JMeter 0558,JMT-PROD-0558,3,2,677.86,962.56,Caja,144,17,2
Producto JMeter 0559,JMT-PROD-0559,3,2,679.03,991.38,Paquete,147,18,2
Producto JMeter 0560,JMT-PROD-0560,3,2,680.20,884.26,Docena,10,19,2
Producto JMeter 0561,JMT-PROD-0561,3,2,681.37,913.04,Unidad,13,0,2
Producto JMeter 0562,JMT-PROD-0562,3,2,682.54,941.91,Kilogramo,16,1,2
Producto JMeter 0563,JMT-PROD-0563,3,2,683.71,970.87,Gramo,19,2,2
Producto JMeter 0564,JMT-PROD-0564,3,2,684.88,999.92,Litro,22,3,2
Producto JMeter 0565,JMT-PROD-0565,3,2,686.05,891.86,Metro,25,4,2
Producto JMeter 0566,JMT-PROD-0566,3,2,687.22,920.87,Caja,28,5,2
Producto JMeter 0567,JMT-PROD-0567,3,2,688.39,949.98,Paquete,31,6,2
Producto JMeter 0568,JMT-PROD-0568,3,2,689.56,979.18,Docena,34,7,2
Producto JMeter 0569,JMT-PROD-0569,3,2,690.73,1008.47,Unidad,37,8,2
Producto JMeter 0570,JMT-PROD-0570,3,2,691.90,899.47,Kilogramo,40,9,2
Producto JMeter 0571,JMT-PROD-0571,3,2,693.07,928.71,Gramo,43,10,2
Producto JMeter 0572,JMT-PROD-0572,3,2,694.24,958.05,Litro,46,11,2
Producto JMeter 0573,JMT-PROD-0573,3,2,695.41,987.48,Metro,49,12,2
Producto JMeter 0574,JMT-PROD-0574,3,2,696.58,1017.01,Caja,52,13,2
Producto JMeter 0575,JMT-PROD-0575,3,2,697.75,907.08,Paquete,55,14,2
Producto JMeter 0576,JMT-PROD-0576,3,2,698.92,936.55,Docena,58,15,2
Producto JMeter 0577,JMT-PROD-0577,3,2,700.09,966.12,Unidad,61,16,2
Producto JMeter 0578,JMT-PROD-0578,3,2,701.26,995.79,Kilogramo,64,17,2
Producto JMeter 0579,JMT-PROD-0579,3,2,702.43,1025.55,Gramo,67,18,2
Producto JMeter 0580,JMT-PROD-0580,3,2,703.60,914.68,Litro,70,19,2
Producto JMeter 0581,JMT-PROD-0581,3,2,704.77,944.39,Metro,73,0,2
Producto JMeter 0582,JMT-PROD-0582,3,2,705.94,974.20,Caja,76,1,2
Producto JMeter 0583,JMT-PROD-0583,3,2,707.11,1004.10,Paquete,79,2,2
Producto JMeter 0584,JMT-PROD-0584,3,2,708.28,1034.09,Docena,82,3,2
Producto JMeter 0585,JMT-PROD-0585,3,2,709.45,922.29,Unidad,85,4,2
Producto JMeter 0586,JMT-PROD-0586,3,2,710.62,952.23,Kilogramo,88,5,2
Producto JMeter 0587,JMT-PROD-0587,3,2,711.79,982.27,Gramo,91,6,2
Producto JMeter 0588,JMT-PROD-0588,3,2,712.96,1012.40,Litro,94,7,2
Producto JMeter 0589,JMT-PROD-0589,3,2,714.13,1042.63,Metro,97,8,2
Producto JMeter 0590,JMT-PROD-0590,3,2,715.30,929.89,Caja,100,9,2
Producto JMeter 0591,JMT-PROD-0591,3,2,716.47,960.07,Paquete,103,10,2
Producto JMeter 0592,JMT-PROD-0592,3,2,717.64,990.34,Docena,106,11,2
Producto JMeter 0593,JMT-PROD-0593,3,2,718.81,1020.71,Unidad,109,12,2
Producto JMeter 0594,JMT-PROD-0594,3,2,719.98,1051.17,Kilogramo,112,13,2
Producto JMeter 0595,JMT-PROD-0595,3,2,721.15,937.50,Gramo,115,14,2
Producto JMeter 0596,JMT-PROD-0596,3,2,722.32,967.91,Litro,118,15,2
Producto JMeter 0597,JMT-PROD-0597,3,2,723.49,998.42,Metro,121,16,2
Producto JMeter 0598,JMT-PROD-0598,3,2,724.66,1029.02,Caja,124,17,2
Producto JMeter 0599,JMT-PROD-0599,3,2,725.83,1059.71,Paquete,127,18,2
Producto JMeter 0600,JMT-PROD-0600,3,2,727.00,945.10,Docena,130,19,2
Producto JMeter 0601,JMT-PROD-0601,3,2,728.17,975.75,Unidad,133,0,2
Producto JMeter 0602,JMT-PROD-0602,3,2,729.34,1006.49,Kilogramo,136,1,2
Producto JMeter 0603,JMT-PROD-0603,3,2,730.51,1037.32,Gramo,139,2,2
Producto JMeter 0604,JMT-PROD-0604,3,2,731.68,1068.25,Litro,142,3,2
Producto JMeter 0605,JMT-PROD-0605,3,2,732.85,952.70,Metro,145,4,2
Producto JMeter 0606,JMT-PROD-0606,3,2,734.02,983.59,Caja,148,5,2
Producto JMeter 0607,JMT-PROD-0607,3,2,735.19,1014.56,Paquete,11,6,2
Producto JMeter 0608,JMT-PROD-0608,3,2,736.36,1045.63,Docena,14,7,2
Producto JMeter 0609,JMT-PROD-0609,3,2,737.53,1076.79,Unidad,17,8,2
Producto JMeter 0610,JMT-PROD-0610,3,2,738.70,960.31,Kilogramo,20,9,2
Producto JMeter 0611,JMT-PROD-0611,3,2,739.87,991.43,Gramo,23,10,2
Producto JMeter 0612,JMT-PROD-0612,3,2,741.04,1022.64,Litro,26,11,2
Producto JMeter 0613,JMT-PROD-0613,3,2,742.21,1053.94,Metro,29,12,2
Producto JMeter 0614,JMT-PROD-0614,3,2,743.38,1085.33,Caja,32,13,2
Producto JMeter 0615,JMT-PROD-0615,3,2,744.55,967.92,Paquete,35,14,2
Producto JMeter 0616,JMT-PROD-0616,3,2,745.72,999.26,Docena,38,15,2
Producto JMeter 0617,JMT-PROD-0617,3,2,746.89,1030.71,Unidad,41,16,2
Producto JMeter 0618,JMT-PROD-0618,3,2,748.06,1062.25,Kilogramo,44,17,2
Producto JMeter 0619,JMT-PROD-0619,3,2,749.23,1093.88,Gramo,47,18,2
Producto JMeter 0620,JMT-PROD-0620,3,2,750.40,975.52,Litro,50,19,2
Producto JMeter 0621,JMT-PROD-0621,3,2,751.57,1007.10,Metro,53,0,2
Producto JMeter 0622,JMT-PROD-0622,3,2,752.74,1038.78,Caja,56,1,2
Producto JMeter 0623,JMT-PROD-0623,3,2,753.91,1070.55,Paquete,59,2,2
Producto JMeter 0624,JMT-PROD-0624,3,2,755.08,1102.42,Docena,62,3,2
Producto JMeter 0625,JMT-PROD-0625,3,2,756.25,983.12,Unidad,65,4,2
Producto JMeter 0626,JMT-PROD-0626,3,2,757.42,1014.94,Kilogramo,68,5,2
Producto JMeter 0627,JMT-PROD-0627,3,2,758.59,1046.85,Gramo,71,6,2
Producto JMeter 0628,JMT-PROD-0628,3,2,759.76,1078.86,Litro,74,7,2
Producto JMeter 0629,JMT-PROD-0629,3,2,760.93,1110.96,Metro,77,8,2
Producto JMeter 0630,JMT-PROD-0630,3,2,762.10,990.73,Caja,80,9,2
Producto JMeter 0631,JMT-PROD-0631,3,2,763.27,1022.78,Paquete,83,10,2
Producto JMeter 0632,JMT-PROD-0632,3,2,764.44,1054.93,Docena,86,11,2
Producto JMeter 0633,JMT-PROD-0633,3,2,765.61,1087.17,Unidad,89,12,2
Producto JMeter 0634,JMT-PROD-0634,3,2,766.78,1119.50,Kilogramo,92,13,2
Producto JMeter 0635,JMT-PROD-0635,3,2,767.95,998.34,Gramo,95,14,2
Producto JMeter 0636,JMT-PROD-0636,3,2,769.12,1030.62,Litro,98,15,2
Producto JMeter 0637,JMT-PROD-0637,3,2,770.29,1063.00,Metro,101,16,2
Producto JMeter 0638,JMT-PROD-0638,3,2,771.46,1095.47,Caja,104,17,2
Producto JMeter 0639,JMT-PROD-0639,3,2,772.63,1128.04,Paquete,107,18,2
Producto JMeter 0640,JMT-PROD-0640,3,2,773.80,1005.94,Docena,110,19,2
Producto JMeter 0641,JMT-PROD-0641,3,2,774.97,1038.46,Unidad,113,0,2
Producto JMeter 0642,JMT-PROD-0642,3,2,776.14,1071.07,Kilogramo,116,1,2
Producto JMeter 0643,JMT-PROD-0643,3,2,777.31,1103.78,Gramo,119,2,2
Producto JMeter 0644,JMT-PROD-0644,3,2,778.48,1136.58,Litro,122,3,2
Producto JMeter 0645,JMT-PROD-0645,3,2,779.65,1013.54,Metro,125,4,2
Producto JMeter 0646,JMT-PROD-0646,3,2,780.82,1046.30,Caja,128,5,2
Producto JMeter 0647,JMT-PROD-0647,3,2,781.99,1079.15,Paquete,131,6,2
Producto JMeter 0648,JMT-PROD-0648,3,2,783.16,1112.09,Docena,134,7,2
Producto JMeter 0649,JMT-PROD-0649,3,2,784.33,1145.12,Unidad,137,8,2
Producto JMeter 0650,JMT-PROD-0650,3,2,785.50,1021.15,Kilogramo,140,9,2
Producto JMeter 0651,JMT-PROD-0651,3,2,786.67,1054.14,Gramo,143,10,2
Producto JMeter 0652,JMT-PROD-0652,3,2,787.84,1087.22,Litro,146,11,2
Producto JMeter 0653,JMT-PROD-0653,3,2,789.01,1120.39,Metro,149,12,2
Producto JMeter 0654,JMT-PROD-0654,3,2,790.18,1153.66,Caja,12,13,2
Producto JMeter 0655,JMT-PROD-0655,3,2,791.35,1028.76,Paquete,15,14,2
Producto JMeter 0656,JMT-PROD-0656,3,2,792.52,1061.98,Docena,18,15,2
Producto JMeter 0657,JMT-PROD-0657,3,2,793.69,1095.29,Unidad,21,16,2
Producto JMeter 0658,JMT-PROD-0658,3,2,794.86,1128.70,Kilogramo,24,17,2
Producto JMeter 0659,JMT-PROD-0659,3,2,796.03,1162.20,Gramo,27,18,2
Producto JMeter 0660,JMT-PROD-0660,3,2,797.20,1036.36,Litro,30,19,2
Producto JMeter 0661,JMT-PROD-0661,3,2,798.37,1069.82,Metro,33,0,2
Producto JMeter 0662,JMT-PROD-0662,3,2,799.54,1103.37,Caja,36,1,2
Producto JMeter 0663,JMT-PROD-0663,3,2,800.71,1137.01,Paquete,39,2,2
Producto JMeter 0664,JMT-PROD-0664,3,2,801.88,1170.74,Docena,42,3,2
Producto JMeter 0665,JMT-PROD-0665,3,2,803.05,1043.96,Unidad,45,4,2
Producto JMeter 0666,JMT-PROD-0666,3,2,804.22,1077.65,Kilogramo,48,5,2
Producto JMeter 0667,JMT-PROD-0667,3,2,805.39,1111.44,Gramo,51,6,2
Producto JMeter 0668,JMT-PROD-0668,3,2,806.56,1145.32,Litro,54,7,2
Producto JMeter 0669,JMT-PROD-0669,3,2,807.73,1179.29,Metro,57,8,2
Producto JMeter 0670,JMT-PROD-0670,3,2,808.90,1051.57,Caja,60,9,2
Producto JMeter 0671,JMT-PROD-0671,3,2,810.07,1085.49,Paquete,63,10,2
Producto JMeter 0672,JMT-PROD-0672,3,2,811.24,1119.51,Docena,66,11,2
Producto JMeter 0673,JMT-PROD-0673,3,2,812.41,1153.62,Unidad,69,12,2
Producto JMeter 0674,JMT-PROD-0674,3,2,813.58,1187.83,Kilogramo,72,13,2
Producto JMeter 0675,JMT-PROD-0675,3,2,814.75,1059.18,Gramo,75,14,2
Producto JMeter 0676,JMT-PROD-0676,3,2,815.92,1093.33,Litro,78,15,2
Producto JMeter 0677,JMT-PROD-0677,3,2,817.09,1127.58,Metro,81,16,2
Producto JMeter 0678,JMT-PROD-0678,3,2,818.26,1161.93,Caja,84,17,2
Producto JMeter 0679,JMT-PROD-0679,3,2,819.43,1196.37,Paquete,87,18,2
Producto JMeter 0680,JMT-PROD-0680,3,2,820.60,1066.78,Docena,90,19,2
Producto JMeter 0681,JMT-PROD-0681,3,2,821.77,1101.17,Unidad,93,0,2
Producto JMeter 0682,JMT-PROD-0682,3,2,822.94,1135.66,Kilogramo,96,1,2
Producto JMeter 0683,JMT-PROD-0683,3,2,824.11,1170.24,Gramo,99,2,2
Producto JMeter 0684,JMT-PROD-0684,3,2,825.28,1204.91,Litro,102,3,2
Producto JMeter 0685,JMT-PROD-0685,3,2,826.45,1074.38,Metro,105,4,2
Producto JMeter 0686,JMT-PROD-0686,3,2,827.62,1109.01,Caja,108,5,2
Producto JMeter 0687,JMT-PROD-0687,3,2,828.79,1143.73,Paquete,111,6,2
Producto JMeter 0688,JMT-PROD-0688,3,2,829.96,1178.54,Docena,114,7,2
Producto JMeter 0689,JMT-PROD-0689,3,2,831.13,1213.45,Unidad,117,8,2
Producto JMeter 0690,JMT-PROD-0690,3,2,832.30,1081.99,Kilogramo,120,9,2
Producto JMeter 0691,JMT-PROD-0691,3,2,833.47,1116.85,Gramo,123,10,2
Producto JMeter 0692,JMT-PROD-0692,3,2,834.64,1151.80,Litro,126,11,2
Producto JMeter 0693,JMT-PROD-0693,3,2,835.81,1186.85,Metro,129,12,2
Producto JMeter 0694,JMT-PROD-0694,3,2,836.98,1221.99,Caja,132,13,2
Producto JMeter 0695,JMT-PROD-0695,3,2,838.15,1089.60,Paquete,135,14,2
Producto JMeter 0696,JMT-PROD-0696,3,2,839.32,1124.69,Docena,138,15,2
Producto JMeter 0697,JMT-PROD-0697,3,2,840.49,1159.88,Unidad,141,16,2
Producto JMeter 0698,JMT-PROD-0698,3,2,841.66,1195.16,Kilogramo,144,17,2
Producto JMeter 0699,JMT-PROD-0699,3,2,842.83,1230.53,Gramo,147,18,2
Producto JMeter 0700,JMT-PROD-0700,3,2,844.00,1097.20,Litro,10,19,2
Producto JMeter 0701,JMT-PROD-0701,3,2,845.17,1132.53,Metro,13,0,2
Producto JMeter 0702,JMT-PROD-0702,3,2,846.34,1167.95,Caja,16,1,2
Producto JMeter 0703,JMT-PROD-0703,3,2,847.51,1203.46,Paquete,19,2,2
Producto JMeter 0704,JMT-PROD-0704,3,2,848.68,1239.07,Docena,22,3,2
Producto JMeter 0705,JMT-PROD-0705,3,2,849.85,1104.80,Unidad,25,4,2
Producto JMeter 0706,JMT-PROD-0706,3,2,851.02,1140.37,Kilogramo,28,5,2
Producto JMeter 0707,JMT-PROD-0707,3,2,852.19,1176.02,Gramo,31,6,2
Producto JMeter 0708,JMT-PROD-0708,3,2,853.36,1211.77,Litro,34,7,2
Producto JMeter 0709,JMT-PROD-0709,3,2,854.53,1247.61,Metro,37,8,2
Producto JMeter 0710,JMT-PROD-0710,3,2,855.70,1112.41,Caja,40,9,2
Producto JMeter 0711,JMT-PROD-0711,3,2,856.87,1148.21,Paquete,43,10,2
Producto JMeter 0712,JMT-PROD-0712,3,2,858.04,1184.10,Docena,46,11,2
Producto JMeter 0713,JMT-PROD-0713,3,2,859.21,1220.08,Unidad,49,12,2
Producto JMeter 0714,JMT-PROD-0714,3,2,860.38,1256.15,Kilogramo,52,13,2
Producto JMeter 0715,JMT-PROD-0715,3,2,861.55,1120.01,Gramo,55,14,2
Producto JMeter 0716,JMT-PROD-0716,3,2,862.72,1156.04,Litro,58,15,2
Producto JMeter 0717,JMT-PROD-0717,3,2,863.89,1192.17,Metro,61,16,2
Producto JMeter 0718,JMT-PROD-0718,3,2,865.06,1228.39,Caja,64,17,2
Producto JMeter 0719,JMT-PROD-0719,3,2,866.23,1264.70,Paquete,67,18,2
Producto JMeter 0720,JMT-PROD-0720,3,2,867.40,1127.62,Docena,70,19,2
Producto JMeter 0721,JMT-PROD-0721,3,2,868.57,1163.88,Unidad,73,0,2
Producto JMeter 0722,JMT-PROD-0722,3,2,869.74,1200.24,Kilogramo,76,1,2
Producto JMeter 0723,JMT-PROD-0723,3,2,870.91,1236.69,Gramo,79,2,2
Producto JMeter 0724,JMT-PROD-0724,3,2,872.08,1273.24,Litro,82,3,2
Producto JMeter 0725,JMT-PROD-0725,3,2,873.25,1135.23,Metro,85,4,2
Producto JMeter 0726,JMT-PROD-0726,3,2,874.42,1171.72,Caja,88,5,2
Producto JMeter 0727,JMT-PROD-0727,3,2,875.59,1208.31,Paquete,91,6,2
Producto JMeter 0728,JMT-PROD-0728,3,2,876.76,1245.00,Docena,94,7,2
Producto JMeter 0729,JMT-PROD-0729,3,2,877.93,1281.78,Unidad,97,8,2
Producto JMeter 0730,JMT-PROD-0730,3,2,879.10,1142.83,Kilogramo,100,9,2
Producto JMeter 0731,JMT-PROD-0731,3,2,880.27,1179.56,Gramo,103,10,2
Producto JMeter 0732,JMT-PROD-0732,3,2,881.44,1216.39,Litro,106,11,2
Producto JMeter 0733,JMT-PROD-0733,3,2,882.61,1253.31,Metro,109,12,2
Producto JMeter 0734,JMT-PROD-0734,3,2,883.78,1290.32,Caja,112,13,2
Producto JMeter 0735,JMT-PROD-0735,3,2,884.95,1150.44,Paquete,115,14,2
Producto JMeter 0736,JMT-PROD-0736,3,2,886.12,1187.40,Docena,118,15,2
Producto JMeter 0737,JMT-PROD-0737,3,2,887.29,1224.46,Unidad,121,16,2
Producto JMeter 0738,JMT-PROD-0738,3,2,888.46,1261.61,Kilogramo,124,17,2
Producto JMeter 0739,JMT-PROD-0739,3,2,889.63,1298.86,Gramo,127,18,2
Producto JMeter 0740,JMT-PROD-0740,3,2,890.80,1158.04,Litro,130,19,2
Producto JMeter 0741,JMT-PROD-0741,3,2,891.97,1195.24,Metro,133,0,2
Producto JMeter 0742,JMT-PROD-0742,3,2,893.14,1232.53,Caja,136,1,2
Producto JMeter 0743,JMT-PROD-0743,3,2,894.31,1269.92,Paquete,139,2,2
Producto JMeter 0744,JMT-PROD-0744,3,2,895.48,1307.40,Docena,142,3,2
Producto JMeter 0745,JMT-PROD-0745,3,2,896.65,1165.64,Unidad,145,4,2
Producto JMeter 0746,JMT-PROD-0746,3,2,897.82,1203.08,Kilogramo,148,5,2
Producto JMeter 0747,JMT-PROD-0747,3,2,898.99,1240.61,Gramo,11,6,2
Producto JMeter 0748,JMT-PROD-0748,3,2,900.16,1278.23,Litro,14,7,2
Producto JMeter 0749,JMT-PROD-0749,3,2,901.33,1315.94,Metro,17,8,2
Producto JMeter 0750,JMT-PROD-0750,3,2,902.50,1173.25,Caja,20,9,2
Producto JMeter 0751,JMT-PROD-0751,3,2,903.67,1210.92,Paquete,23,10,2
Producto JMeter 0752,JMT-PROD-0752,3,2,904.84,1248.68,Docena,26,11,2
Producto JMeter 0753,JMT-PROD-0753,3,2,906.01,1286.53,Unidad,29,12,2
Producto JMeter 0754,JMT-PROD-0754,3,2,907.18,1324.48,Kilogramo,32,13,2
Producto JMeter 0755,JMT-PROD-0755,3,2,908.35,1180.86,Gramo,35,14,2
Producto JMeter 0756,JMT-PROD-0756,3,2,909.52,1218.76,Litro,38,15,2
Producto JMeter 0757,JMT-PROD-0757,3,2,910.69,1256.75,Metro,41,16,2
Producto JMeter 0758,JMT-PROD-0758,3,2,911.86,1294.84,Caja,44,17,2
Producto JMeter 0759,JMT-PROD-0759,3,2,913.03,1333.02,Paquete,47,18,2
Producto JMeter 0760,JMT-PROD-0760,3,2,914.20,1188.46,Docena,50,19,2
Producto JMeter 0761,JMT-PROD-0761,3,2,915.37,1226.60,Unidad,53,0,2
Producto JMeter 0762,JMT-PROD-0762,3,2,916.54,1264.83,Kilogramo,56,1,2
Producto JMeter 0763,JMT-PROD-0763,3,2,917.71,1303.15,Gramo,59,2,2
Producto JMeter 0764,JMT-PROD-0764,3,2,918.88,1341.56,Litro,62,3,2
Producto JMeter 0765,JMT-PROD-0765,3,2,920.05,1196.06,Metro,65,4,2
Producto JMeter 0766,JMT-PROD-0766,3,2,921.22,1234.43,Caja,68,5,2
Producto JMeter 0767,JMT-PROD-0767,3,2,922.39,1272.90,Paquete,71,6,2
Producto JMeter 0768,JMT-PROD-0768,3,2,923.56,1311.46,Docena,74,7,2
Producto JMeter 0769,JMT-PROD-0769,3,2,924.73,1350.11,Unidad,77,8,2
Producto JMeter 0770,JMT-PROD-0770,3,2,925.90,1203.67,Kilogramo,80,9,2
Producto JMeter 0771,JMT-PROD-0771,3,2,927.07,1242.27,Gramo,83,10,2
Producto JMeter 0772,JMT-PROD-0772,3,2,928.24,1280.97,Litro,86,11,2
Producto JMeter 0773,JMT-PROD-0773,3,2,929.41,1319.76,Metro,89,12,2
Producto JMeter 0774,JMT-PROD-0774,3,2,930.58,1358.65,Caja,92,13,2
Producto JMeter 0775,JMT-PROD-0775,3,2,931.75,1211.28,Paquete,95,14,2
Producto JMeter 0776,JMT-PROD-0776,3,2,932.92,1250.11,Docena,98,15,2
Producto JMeter 0777,JMT-PROD-0777,3,2,934.09,1289.04,Unidad,101,16,2
Producto JMeter 0778,JMT-PROD-0778,3,2,935.26,1328.07,Kilogramo,104,17,2
Producto JMeter 0779,JMT-PROD-0779,3,2,936.43,1367.19,Gramo,107,18,2
Producto JMeter 0780,JMT-PROD-0780,3,2,937.60,1218.88,Litro,110,19,2
Producto JMeter 0781,JMT-PROD-0781,3,2,938.77,1257.95,Metro,113,0,2
Producto JMeter 0782,JMT-PROD-0782,3,2,939.94,1297.12,Caja,116,1,2
Producto JMeter 0783,JMT-PROD-0783,3,2,941.11,1336.38,Paquete,119,2,2
Producto JMeter 0784,JMT-PROD-0784,3,2,942.28,1375.73,Docena,122,3,2
Producto JMeter 0785,JMT-PROD-0785,3,2,943.45,1226.49,Unidad,125,4,2
Producto JMeter 0786,JMT-PROD-0786,3,2,944.62,1265.79,Kilogramo,128,5,2
Producto JMeter 0787,JMT-PROD-0787,3,2,945.79,1305.19,Gramo,131,6,2
Producto JMeter 0788,JMT-PROD-0788,3,2,946.96,1344.68,Litro,134,7,2
Producto JMeter 0789,JMT-PROD-0789,3,2,948.13,1384.27,Metro,137,8,2
Producto JMeter 0790,JMT-PROD-0790,3,2,949.30,1234.09,Caja,140,9,2
Producto JMeter 0791,JMT-PROD-0791,3,2,950.47,1273.63,Paquete,143,10,2
Producto JMeter 0792,JMT-PROD-0792,3,2,951.64,1313.26,Docena,146,11,2
Producto JMeter 0793,JMT-PROD-0793,3,2,952.81,1352.99,Unidad,149,12,2
Producto JMeter 0794,JMT-PROD-0794,3,2,953.98,1392.81,Kilogramo,12,13,2
Producto JMeter 0795,JMT-PROD-0795,3,2,955.15,1241.70,Gramo,15,14,2
Producto JMeter 0796,JMT-PROD-0796,3,2,956.32,1281.47,Litro,18,15,2
Producto JMeter 0797,JMT-PROD-0797,3,2,957.49,1321.34,Metro,21,16,2
Producto JMeter 0798,JMT-PROD-0798,3,2,958.66,1361.30,Caja,24,17,2
Producto JMeter 0799,JMT-PROD-0799,3,2,959.83,1401.35,Paquete,27,18,2
Producto JMeter 0800,JMT-PROD-0800,3,2,961.00,1249.30,Docena,30,19,2
Producto JMeter 0801,JMT-PROD-0801,3,2,962.17,1289.31,Unidad,33,0,2
Producto JMeter 0802,JMT-PROD-0802,3,2,963.34,1329.41,Kilogramo,36,1,2
Producto JMeter 0803,JMT-PROD-0803,3,2,964.51,1369.60,Gramo,39,2,2
Producto JMeter 0804,JMT-PROD-0804,3,2,965.68,1409.89,Litro,42,3,2
Producto JMeter 0805,JMT-PROD-0805,3,2,966.85,1256.90,Metro,45,4,2
Producto JMeter 0806,JMT-PROD-0806,3,2,968.02,1297.15,Caja,48,5,2
Producto JMeter 0807,JMT-PROD-0807,3,2,969.19,1337.48,Paquete,51,6,2
Producto JMeter 0808,JMT-PROD-0808,3,2,970.36,1377.91,Docena,54,7,2
Producto JMeter 0809,JMT-PROD-0809,3,2,971.53,1418.43,Unidad,57,8,2
Producto JMeter 0810,JMT-PROD-0810,3,2,972.70,1264.51,Kilogramo,60,9,2
Producto JMeter 0811,JMT-PROD-0811,3,2,973.87,1304.99,Gramo,63,10,2
Producto JMeter 0812,JMT-PROD-0812,3,2,975.04,1345.56,Litro,66,11,2
Producto JMeter 0813,JMT-PROD-0813,3,2,976.21,1386.22,Metro,69,12,2
Producto JMeter 0814,JMT-PROD-0814,3,2,977.38,1426.97,Caja,72,13,2
Producto JMeter 0815,JMT-PROD-0815,3,2,978.55,1272.12,Paquete,75,14,2
Producto JMeter 0816,JMT-PROD-0816,3,2,979.72,1312.82,Docena,78,15,2
Producto JMeter 0817,JMT-PROD-0817,3,2,980.89,1353.63,Unidad,81,16,2
Producto JMeter 0818,JMT-PROD-0818,3,2,982.06,1394.53,Kilogramo,84,17,2
Producto JMeter 0819,JMT-PROD-0819,3,2,983.23,1435.52,Gramo,87,18,2
Producto JMeter 0820,JMT-PROD-0820,3,2,984.40,1279.72,Litro,90,19,2
Producto JMeter 0821,JMT-PROD-0821,3,2,985.57,1320.66,Metro,93,0,2
Producto JMeter 0822,JMT-PROD-0822,3,2,986.74,1361.70,Caja,96,1,2
Producto JMeter 0823,JMT-PROD-0823,3,2,987.91,1402.83,Paquete,99,2,2
Producto JMeter 0824,JMT-PROD-0824,3,2,989.08,1444.06,Docena,102,3,2
Producto JMeter 0825,JMT-PROD-0825,3,2,990.25,1287.32,Unidad,105,4,2
Producto JMeter 0826,JMT-PROD-0826,3,2,991.42,1328.50,Kilogramo,108,5,2
Producto JMeter 0827,JMT-PROD-0827,3,2,992.59,1369.77,Gramo,111,6,2
Producto JMeter 0828,JMT-PROD-0828,3,2,993.76,1411.14,Litro,114,7,2
Producto JMeter 0829,JMT-PROD-0829,3,2,994.93,1452.60,Metro,117,8,2
Producto JMeter 0830,JMT-PROD-0830,3,2,996.10,1294.93,Caja,120,9,2
Producto JMeter 0831,JMT-PROD-0831,3,2,997.27,1336.34,Paquete,123,10,2
Producto JMeter 0832,JMT-PROD-0832,3,2,998.44,1377.85,Docena,126,11,2
Producto JMeter 0833,JMT-PROD-0833,3,2,999.61,1419.45,Unidad,129,12,2
Producto JMeter 0834,JMT-PROD-0834,3,2,1000.78,1461.14,Kilogramo,132,13,2
Producto JMeter 0835,JMT-PROD-0835,3,2,1001.95,1302.54,Gramo,135,14,2
Producto JMeter 0836,JMT-PROD-0836,3,2,1003.12,1344.18,Litro,138,15,2
Producto JMeter 0837,JMT-PROD-0837,3,2,1004.29,1385.92,Metro,141,16,2
Producto JMeter 0838,JMT-PROD-0838,3,2,1005.46,1427.75,Caja,144,17,2
Producto JMeter 0839,JMT-PROD-0839,3,2,1006.63,1469.68,Paquete,147,18,2
Producto JMeter 0840,JMT-PROD-0840,3,2,1007.80,1310.14,Docena,10,19,2
Producto JMeter 0841,JMT-PROD-0841,3,2,1008.97,1352.02,Unidad,13,0,2
Producto JMeter 0842,JMT-PROD-0842,3,2,1010.14,1393.99,Kilogramo,16,1,2
Producto JMeter 0843,JMT-PROD-0843,3,2,1011.31,1436.06,Gramo,19,2,2
Producto JMeter 0844,JMT-PROD-0844,3,2,1012.48,1478.22,Litro,22,3,2
Producto JMeter 0845,JMT-PROD-0845,3,2,1013.65,1317.74,Metro,25,4,2
Producto JMeter 0846,JMT-PROD-0846,3,2,1014.82,1359.86,Caja,28,5,2
Producto JMeter 0847,JMT-PROD-0847,3,2,1015.99,1402.07,Paquete,31,6,2
Producto JMeter 0848,JMT-PROD-0848,3,2,1017.16,1444.37,Docena,34,7,2
Producto JMeter 0849,JMT-PROD-0849,3,2,1018.33,1486.76,Unidad,37,8,2
Producto JMeter 0850,JMT-PROD-0850,3,2,1019.50,1325.35,Kilogramo,40,9,2
Producto JMeter 0851,JMT-PROD-0851,3,2,1020.67,1367.70,Gramo,43,10,2
Producto JMeter 0852,JMT-PROD-0852,3,2,1021.84,1410.14,Litro,46,11,2
Producto JMeter 0853,JMT-PROD-0853,3,2,1023.01,1452.67,Metro,49,12,2
Producto JMeter 0854,JMT-PROD-0854,3,2,1024.18,1495.30,Caja,52,13,2
Producto JMeter 0855,JMT-PROD-0855,3,2,1025.35,1332.96,Paquete,55,14,2
Producto JMeter 0856,JMT-PROD-0856,3,2,1026.52,1375.54,Docena,58,15,2
Producto JMeter 0857,JMT-PROD-0857,3,2,1027.69,1418.21,Unidad,61,16,2
Producto JMeter 0858,JMT-PROD-0858,3,2,1028.86,1460.98,Kilogramo,64,17,2
Producto JMeter 0859,JMT-PROD-0859,3,2,1030.03,1503.84,Gramo,67,18,2
Producto JMeter 0860,JMT-PROD-0860,3,2,1031.20,1340.56,Litro,70,19,2
Producto JMeter 0861,JMT-PROD-0861,3,2,1032.37,1383.38,Metro,73,0,2
Producto JMeter 0862,JMT-PROD-0862,3,2,1033.54,1426.29,Caja,76,1,2
Producto JMeter 0863,JMT-PROD-0863,3,2,1034.71,1469.29,Paquete,79,2,2
Producto JMeter 0864,JMT-PROD-0864,3,2,1035.88,1512.38,Docena,82,3,2
Producto JMeter 0865,JMT-PROD-0865,3,2,1037.05,1348.16,Unidad,85,4,2
Producto JMeter 0866,JMT-PROD-0866,3,2,1038.22,1391.21,Kilogramo,88,5,2
Producto JMeter 0867,JMT-PROD-0867,3,2,1039.39,1434.36,Gramo,91,6,2
Producto JMeter 0868,JMT-PROD-0868,3,2,1040.56,1477.60,Litro,94,7,2
Producto JMeter 0869,JMT-PROD-0869,3,2,1041.73,1520.93,Metro,97,8,2
Producto JMeter 0870,JMT-PROD-0870,3,2,1042.90,1355.77,Caja,100,9,2
Producto JMeter 0871,JMT-PROD-0871,3,2,1044.07,1399.05,Paquete,103,10,2
Producto JMeter 0872,JMT-PROD-0872,3,2,1045.24,1442.43,Docena,106,11,2
Producto JMeter 0873,JMT-PROD-0873,3,2,1046.41,1485.90,Unidad,109,12,2
Producto JMeter 0874,JMT-PROD-0874,3,2,1047.58,1529.47,Kilogramo,112,13,2
Producto JMeter 0875,JMT-PROD-0875,3,2,1048.75,1363.38,Gramo,115,14,2
Producto JMeter 0876,JMT-PROD-0876,3,2,1049.92,1406.89,Litro,118,15,2
Producto JMeter 0877,JMT-PROD-0877,3,2,1051.09,1450.50,Metro,121,16,2
Producto JMeter 0878,JMT-PROD-0878,3,2,1052.26,1494.21,Caja,124,17,2
Producto JMeter 0879,JMT-PROD-0879,3,2,1053.43,1538.01,Paquete,127,18,2
Producto JMeter 0880,JMT-PROD-0880,3,2,1054.60,1370.98,Docena,130,19,2
Producto JMeter 0881,JMT-PROD-0881,3,2,1055.77,1414.73,Unidad,133,0,2
Producto JMeter 0882,JMT-PROD-0882,3,2,1056.94,1458.58,Kilogramo,136,1,2
Producto JMeter 0883,JMT-PROD-0883,3,2,1058.11,1502.52,Gramo,139,2,2
Producto JMeter 0884,JMT-PROD-0884,3,2,1059.28,1546.55,Litro,142,3,2
Producto JMeter 0885,JMT-PROD-0885,3,2,1060.45,1378.58,Metro,145,4,2
Producto JMeter 0886,JMT-PROD-0886,3,2,1061.62,1422.57,Caja,148,5,2
Producto JMeter 0887,JMT-PROD-0887,3,2,1062.79,1466.65,Paquete,11,6,2
Producto JMeter 0888,JMT-PROD-0888,3,2,1063.96,1510.82,Docena,14,7,2
Producto JMeter 0889,JMT-PROD-0889,3,2,1065.13,1555.09,Unidad,17,8,2
Producto JMeter 0890,JMT-PROD-0890,3,2,1066.30,1386.19,Kilogramo,20,9,2
Producto JMeter 0891,JMT-PROD-0891,3,2,1067.47,1430.41,Gramo,23,10,2
Producto JMeter 0892,JMT-PROD-0892,3,2,1068.64,1474.72,Litro,26,11,2
Producto JMeter 0893,JMT-PROD-0893,3,2,1069.81,1519.13,Metro,29,12,2
Producto JMeter 0894,JMT-PROD-0894,3,2,1070.98,1563.63,Caja,32,13,2
Producto JMeter 0895,JMT-PROD-0895,3,2,1072.15,1393.80,Paquete,35,14,2
Producto JMeter 0896,JMT-PROD-0896,3,2,1073.32,1438.25,Docena,38,15,2
Producto JMeter 0897,JMT-PROD-0897,3,2,1074.49,1482.80,Unidad,41,16,2
Producto JMeter 0898,JMT-PROD-0898,3,2,1075.66,1527.44,Kilogramo,44,17,2
Producto JMeter 0899,JMT-PROD-0899,3,2,1076.83,1572.17,Gramo,47,18,2
Producto JMeter 0900,JMT-PROD-0900,3,2,1078.00,1401.40,Litro,50,19,2
Producto JMeter 0901,JMT-PROD-0901,3,2,1079.17,1446.09,Metro,53,0,2
Producto JMeter 0902,JMT-PROD-0902,3,2,1080.34,1490.87,Caja,56,1,2
Producto JMeter 0903,JMT-PROD-0903,3,2,1081.51,1535.74,Paquete,59,2,2
Producto JMeter 0904,JMT-PROD-0904,3,2,1082.68,1580.71,Docena,62,3,2
Producto JMeter 0905,JMT-PROD-0905,3,2,1083.85,1409.00,Unidad,65,4,2
Producto JMeter 0906,JMT-PROD-0906,3,2,1085.02,1453.93,Kilogramo,68,5,2
Producto JMeter 0907,JMT-PROD-0907,3,2,1086.19,1498.94,Gramo,71,6,2
Producto JMeter 0908,JMT-PROD-0908,3,2,1087.36,1544.05,Litro,74,7,2
Producto JMeter 0909,JMT-PROD-0909,3,2,1088.53,1589.25,Metro,77,8,2
Producto JMeter 0910,JMT-PROD-0910,3,2,1089.70,1416.61,Caja,80,9,2
Producto JMeter 0911,JMT-PROD-0911,3,2,1090.87,1461.77,Paquete,83,10,2
Producto JMeter 0912,JMT-PROD-0912,3,2,1092.04,1507.02,Docena,86,11,2
Producto JMeter 0913,JMT-PROD-0913,3,2,1093.21,1552.36,Unidad,89,12,2
Producto JMeter 0914,JMT-PROD-0914,3,2,1094.38,1597.79,Kilogramo,92,13,2
Producto JMeter 0915,JMT-PROD-0915,3,2,1095.55,1424.22,Gramo,95,14,2
Producto JMeter 0916,JMT-PROD-0916,3,2,1096.72,1469.60,Litro,98,15,2
Producto JMeter 0917,JMT-PROD-0917,3,2,1097.89,1515.09,Metro,101,16,2
Producto JMeter 0918,JMT-PROD-0918,3,2,1099.06,1560.67,Caja,104,17,2
Producto JMeter 0919,JMT-PROD-0919,3,2,1100.23,1606.34,Paquete,107,18,2
Producto JMeter 0920,JMT-PROD-0920,3,2,1101.40,1431.82,Docena,110,19,2
Producto JMeter 0921,JMT-PROD-0921,3,2,1102.57,1477.44,Unidad,113,0,2
Producto JMeter 0922,JMT-PROD-0922,3,2,1103.74,1523.16,Kilogramo,116,1,2
Producto JMeter 0923,JMT-PROD-0923,3,2,1104.91,1568.97,Gramo,119,2,2
Producto JMeter 0924,JMT-PROD-0924,3,2,1106.08,1614.88,Litro,122,3,2
Producto JMeter 0925,JMT-PROD-0925,3,2,1107.25,1439.42,Metro,125,4,2
Producto JMeter 0926,JMT-PROD-0926,3,2,1108.42,1485.28,Caja,128,5,2
Producto JMeter 0927,JMT-PROD-0927,3,2,1109.59,1531.23,Paquete,131,6,2
Producto JMeter 0928,JMT-PROD-0928,3,2,1110.76,1577.28,Docena,134,7,2
Producto JMeter 0929,JMT-PROD-0929,3,2,1111.93,1623.42,Unidad,137,8,2
Producto JMeter 0930,JMT-PROD-0930,3,2,1113.10,1447.03,Kilogramo,140,9,2
Producto JMeter 0931,JMT-PROD-0931,3,2,1114.27,1493.12,Gramo,143,10,2
Producto JMeter 0932,JMT-PROD-0932,3,2,1115.44,1539.31,Litro,146,11,2
Producto JMeter 0933,JMT-PROD-0933,3,2,1116.61,1585.59,Metro,149,12,2
Producto JMeter 0934,JMT-PROD-0934,3,2,1117.78,1631.96,Caja,12,13,2
Producto JMeter 0935,JMT-PROD-0935,3,2,1118.95,1454.64,Paquete,15,14,2
Producto JMeter 0936,JMT-PROD-0936,3,2,1120.12,1500.96,Docena,18,15,2
Producto JMeter 0937,JMT-PROD-0937,3,2,1121.29,1547.38,Unidad,21,16,2
Producto JMeter 0938,JMT-PROD-0938,3,2,1122.46,1593.89,Kilogramo,24,17,2
Producto JMeter 0939,JMT-PROD-0939,3,2,1123.63,1640.50,Gramo,27,18,2
Producto JMeter 0940,JMT-PROD-0940,3,2,1124.80,1462.24,Litro,30,19,2
Producto JMeter 0941,JMT-PROD-0941,3,2,1125.97,1508.80,Metro,33,0,2
Producto JMeter 0942,JMT-PROD-0942,3,2,1127.14,1555.45,Caja,36,1,2
Producto JMeter 0943,JMT-PROD-0943,3,2,1128.31,1602.20,Paquete,39,2,2
Producto JMeter 0944,JMT-PROD-0944,3,2,1129.48,1649.04,Docena,42,3,2
Producto JMeter 0945,JMT-PROD-0945,3,2,1130.65,1469.85,Unidad,45,4,2
Producto JMeter 0946,JMT-PROD-0946,3,2,1131.82,1516.64,Kilogramo,48,5,2
Producto JMeter 0947,JMT-PROD-0947,3,2,1132.99,1563.53,Gramo,51,6,2
Producto JMeter 0948,JMT-PROD-0948,3,2,1134.16,1610.51,Litro,54,7,2
Producto JMeter 0949,JMT-PROD-0949,3,2,1135.33,1657.58,Metro,57,8,2
Producto JMeter 0950,JMT-PROD-0950,3,2,1136.50,1477.45,Caja,60,9,2
Producto JMeter 0951,JMT-PROD-0951,3,2,1137.67,1524.48,Paquete,63,10,2
Producto JMeter 0952,JMT-PROD-0952,3,2,1138.84,1571.60,Docena,66,11,2
Producto JMeter 0953,JMT-PROD-0953,3,2,1140.01,1618.81,Unidad,69,12,2
Producto JMeter 0954,JMT-PROD-0954,3,2,1141.18,1666.12,Kilogramo,72,13,2
Producto JMeter 0955,JMT-PROD-0955,3,2,1142.35,1485.05,Gramo,75,14,2
Producto JMeter 0956,JMT-PROD-0956,3,2,1143.52,1532.32,Litro,78,15,2
Producto JMeter 0957,JMT-PROD-0957,3,2,1144.69,1579.67,Metro,81,16,2
Producto JMeter 0958,JMT-PROD-0958,3,2,1145.86,1627.12,Caja,84,17,2
Producto JMeter 0959,JMT-PROD-0959,3,2,1147.03,1674.66,Paquete,87,18,2
Producto JMeter 0960,JMT-PROD-0960,3,2,1148.20,1492.66,Docena,90,19,2
Producto JMeter 0961,JMT-PROD-0961,3,2,1149.37,1540.16,Unidad,93,0,2
Producto JMeter 0962,JMT-PROD-0962,3,2,1150.54,1587.75,Kilogramo,96,1,2
Producto JMeter 0963,JMT-PROD-0963,3,2,1151.71,1635.43,Gramo,99,2,2
Producto JMeter 0964,JMT-PROD-0964,3,2,1152.88,1683.20,Litro,102,3,2
Producto JMeter 0965,JMT-PROD-0965,3,2,1154.05,1500.26,Metro,105,4,2
Producto JMeter 0966,JMT-PROD-0966,3,2,1155.22,1547.99,Caja,108,5,2
Producto JMeter 0967,JMT-PROD-0967,3,2,1156.39,1595.82,Paquete,111,6,2
Producto JMeter 0968,JMT-PROD-0968,3,2,1157.56,1643.74,Docena,114,7,2
Producto JMeter 0969,JMT-PROD-0969,3,2,1158.73,1691.75,Unidad,117,8,2
Producto JMeter 0970,JMT-PROD-0970,3,2,1159.90,1507.87,Kilogramo,120,9,2
Producto JMeter 0971,JMT-PROD-0971,3,2,1161.07,1555.83,Gramo,123,10,2
Producto JMeter 0972,JMT-PROD-0972,3,2,1162.24,1603.89,Litro,126,11,2
Producto JMeter 0973,JMT-PROD-0973,3,2,1163.41,1652.04,Metro,129,12,2
Producto JMeter 0974,JMT-PROD-0974,3,2,1164.58,1700.29,Caja,132,13,2
Producto JMeter 0975,JMT-PROD-0975,3,2,1165.75,1515.48,Paquete,135,14,2
Producto JMeter 0976,JMT-PROD-0976,3,2,1166.92,1563.67,Docena,138,15,2
Producto JMeter 0977,JMT-PROD-0977,3,2,1168.09,1611.96,Unidad,141,16,2
Producto JMeter 0978,JMT-PROD-0978,3,2,1169.26,1660.35,Kilogramo,144,17,2
Producto JMeter 0979,JMT-PROD-0979,3,2,1170.43,1708.83,Gramo,147,18,2
Producto JMeter 0980,JMT-PROD-0980,3,2,1171.60,1523.08,Litro,10,19,2
Producto JMeter 0981,JMT-PROD-0981,3,2,1172.77,1571.51,Metro,13,0,2
Producto JMeter 0982,JMT-PROD-0982,3,2,1173.94,1620.04,Caja,16,1,2
Producto JMeter 0983,JMT-PROD-0983,3,2,1175.11,1668.66,Paquete,19,2,2
Producto JMeter 0984,JMT-PROD-0984,3,2,1176.28,1717.37,Docena,22,3,2
Producto JMeter 0985,JMT-PROD-0985,3,2,1177.45,1530.69,Unidad,25,4,2
Producto JMeter 0986,JMT-PROD-0986,3,2,1178.62,1579.35,Kilogramo,28,5,2
Producto JMeter 0987,JMT-PROD-0987,3,2,1179.79,1628.11,Gramo,31,6,2
Producto JMeter 0988,JMT-PROD-0988,3,2,1180.96,1676.96,Litro,34,7,2
Producto JMeter 0989,JMT-PROD-0989,3,2,1182.13,1725.91,Metro,37,8,2
Producto JMeter 0990,JMT-PROD-0990,3,2,1183.30,1538.29,Caja,40,9,2
Producto JMeter 0991,JMT-PROD-0991,3,2,1184.47,1587.19,Paquete,43,10,2
Producto JMeter 0992,JMT-PROD-0992,3,2,1185.64,1636.18,Docena,46,11,2
Producto JMeter 0993,JMT-PROD-0993,3,2,1186.81,1685.27,Unidad,49,12,2
Producto JMeter 0994,JMT-PROD-0994,3,2,1187.98,1734.45,Kilogramo,52,13,2
Producto JMeter 0995,JMT-PROD-0995,3,2,1189.15,1545.90,Gramo,55,14,2
Producto JMeter 0996,JMT-PROD-0996,3,2,1190.32,1595.03,Litro,58,15,2
Producto JMeter 0997,JMT-PROD-0997,3,2,1191.49,1644.26,Metro,61,16,2
Producto JMeter 0998,JMT-PROD-0998,3,2,1192.66,1693.58,Caja,64,17,2
Producto JMeter 0999,JMT-PROD-0999,3,2,1193.83,1742.99,Paquete,67,18,2
Producto JMeter 1000,JMT-PROD-1000,3,2,1195.00,1553.50,Docena,70,19,2
